"","id","check_out_time","date","intake.time","household_size","pounds.of.food","max_temp","min_temp","avg_temp","weekday","rain","HH.ID..use.this.to.match.with.ages.and.receipt.of.food.stamps.on.other.sheets.","town....Temp..means.homeless.","WIC","Fuel.Assist","Masshealth","usual.transportation","monthly.household.income","language.spoken.at.home","num.of.people.that.day","income.per.person","level.of.income"
"1",11205,"12:06","5/1/17","11:33",2,55.5,62,45,52,1,0,1205,"Northampton",FALSE,FALSE,TRUE,"car",3132,"English",31,"1566.00","High"
"2",11330,"13:14","5/1/17","12:27",5,155.5,62,45,52,1,0,1330,"Easthampton",FALSE,TRUE,TRUE,"car",3265,"English",31," 653.00","Med"
"3",11780,"12:24","5/1/17","11:58",1,18,62,45,52,1,0,1780,"Northampton",FALSE,FALSE,TRUE,"walk",910,"English",31," 910.00","MedHigh"
"4",12841,"12:42","5/1/17","12:00",1,51.5,62,45,52,1,0,2841,"Northampton",FALSE,FALSE,TRUE,"car",863,"English",31," 863.00","Med"
"5",15553,"14:04","5/1/17","13:31",1,19.5,62,45,52,1,0,5553,"Northampton",FALSE,FALSE,TRUE,"bike",732,"English",31," 732.00","Med"
"6",15896,"11:24","5/1/17","11:05",1,54.5,62,45,52,1,0,5896,"Northampton",FALSE,FALSE,TRUE,"bus",912,"English",31," 912.00","MedHigh"
"7",16506,"12:21","5/1/17","11:43",1,47,62,45,52,1,0,6506,"Northampton",FALSE,FALSE,TRUE,"walk",190,"English",31," 190.00","Low"
"8",17165,"13:52","5/1/17","13:27",1,46,62,45,52,1,0,7165,"Northampton",FALSE,FALSE,TRUE,"walk",983,"English",31," 983.00","MedHigh"
"9",17557,"12:48","5/1/17","12:07",1,29,62,45,52,1,0,7557,"Northampton",FALSE,TRUE,FALSE,"car",1495,"English",31,"1495.00","High"
"10",18135,"11:35","5/1/17","11:10",1,36,62,45,52,1,0,8135,"Easthampton",FALSE,FALSE,FALSE,"car",1351,"English",31,"1351.00","High"
"11",18200,"12:08","5/1/17","11:26",2,39.5,62,45,52,1,0,8200,"Easthampton",FALSE,FALSE,TRUE,"car",877,"English",31," 438.00","LowMed"
"12",18203,"11:23","5/1/17","11:04",4,91,62,45,52,1,0,8203,"Northampton",FALSE,TRUE,TRUE,"car",1211,"English",31," 303.00","Low"
"13",18536,"12:58","5/1/17","12:12",3,122.5,62,45,52,1,0,8536,"Northampton",FALSE,FALSE,FALSE,"car",2231,"English",31," 744.00","Med"
"14",18634,"11:28","5/1/17","11:08",1,57.5,62,45,52,1,0,8634,"Northampton",FALSE,FALSE,TRUE,"car",1235,"Spanish",31,"1235.00","High"
"15",18904,"11:57","5/1/17","11:20",2,84,62,45,52,1,0,8904,"Williamsburg",FALSE,FALSE,TRUE,"car",1600,"English",31," 800.00","Med"
"16",19414,"12:23","5/1/17","11:37",3,92,62,45,52,1,0,9414,"Northampton",FALSE,FALSE,TRUE,"car",2470,"English",31," 823.00","Med"
"17",19445,"12:16","5/1/17","11:38",1,52.5,62,45,52,1,0,9445,"Easthampton",FALSE,FALSE,TRUE,"car",150,"English",31," 150.00","Low"
"18",19462,"13:59","5/1/17","13:27",1,46.5,62,45,52,1,0,9462,"Temp",FALSE,FALSE,TRUE,"car",795,"English",31," 795.00","Med"
"19",19533,"13:52","5/1/17","13:24",1,48.5,62,45,52,1,0,9533,"Northampton",FALSE,FALSE,TRUE,"car",300,"English",31," 300.00","Low"
"20",19723,"13:10","5/1/17","12:30",2,52,62,45,52,1,0,9723,"Easthampton",FALSE,FALSE,TRUE,"car",407,"English",31," 204.00","Low"
"21",19751,"11:19","5/1/17","11:00",3,81,62,45,52,1,0,9751,"Easthampton",FALSE,FALSE,TRUE,"car",511,"English",31," 170.00","Low"
"22",19766,"11:59","5/1/17","11:14",6,163.5,62,45,52,1,0,9766,"Northampton",FALSE,FALSE,TRUE,"car",1531,"English",31," 255.00","Low"
"23",19775,"14:06","5/1/17","13:36",1,49,62,45,52,1,0,9775,"Northampton",FALSE,FALSE,FALSE,"bike",0,"English",31,"   0.00","Low"
"24",19784,"13:45","5/1/17","13:24",1,55,62,45,52,1,0,9784,"Temp",FALSE,FALSE,TRUE,"walk",194,"English",31," 194.00","Low"
"25",19913,"14:13","5/1/17","13:22",1,25.5,62,45,52,1,0,9913,"Temp",FALSE,FALSE,FALSE,"car",1216,"English",31,"1216.00","High"
"26",19921,"11:49","5/1/17","11:17",3,66.5,62,45,52,1,0,9921,"Northampton",FALSE,FALSE,TRUE,"car",1654,"English",31," 551.00","LowMed"
"27",19931,"12:50","5/1/17","12:08",1,41.5,62,45,52,1,0,9931,"Easthampton",FALSE,FALSE,FALSE,"car",1300,"English",31,"1300.00","High"
"28",19946,"12:01","5/1/17","11:22",1,86,62,45,52,1,0,9946,"Easthampton",FALSE,FALSE,TRUE,"car",1145,"English",31,"1145.00","High"
"29",19952,"14:18","5/1/17","17:17",1,63.5,62,45,52,1,0,9952,"Temp",FALSE,FALSE,FALSE,"car",194,"English",31," 194.00","Low"
"30",19954,"14:17","5/1/17","13:11",1,47.5,62,45,52,1,0,9954,"Temp",FALSE,FALSE,FALSE,"car",194,"English",31," 194.00","Low"
"31",19955,"14:17","5/1/17","13:20",1,30.5,62,45,52,1,0,9955,"Temp",FALSE,FALSE,TRUE,"car",289,"English",31," 289.00","Low"
"32",11647,"16:50","5/2/17","16:17",1,66,73,48,61,2,1,1647,"Northampton",FALSE,FALSE,FALSE,"bus",1330,"English",28,"1330.00","High"
"33",11687,"17:10","5/2/17","16:43",1,32,73,48,61,2,1,1687,"Easthampton",FALSE,TRUE,TRUE,"car",1308,"English",28,"1308.00","High"
"34",11936,"18:10","5/2/17","17:26",3,88.5,73,48,61,2,1,1936,"Easthampton",TRUE,TRUE,TRUE,"car",2000,"English",28," 667.00","Med"
"35",12084,"16:37","5/2/17","16:08",4,79,73,48,61,2,1,2084,"Northampton",FALSE,FALSE,TRUE,"walk",3766,"English",28," 942.00","MedHigh"
"36",12349,"19:03","5/2/17","18:36",1,29.5,73,48,61,2,1,2349,"Northampton",FALSE,TRUE,TRUE,"walk",1300,"English",28,"1300.00","High"
"37",12576,"19:13","5/2/17","18:45",1,25.5,73,48,61,2,1,2576,"Northampton",FALSE,FALSE,TRUE,"bike",690,"English",28," 690.00","Med"
"38",12610,"17:13","5/2/17","16:31",2,67.5,73,48,61,2,1,2610,"Easthampton",FALSE,TRUE,TRUE,"car",1764,"English",28," 882.00","MedHigh"
"39",14055,"16:38","5/2/17","16:08",1,65.5,73,48,61,2,1,4055,"Temp",FALSE,FALSE,TRUE,"car",866,"English",28," 866.00","MedHigh"
"40",14412,"17:02","5/2/17","16:35",1,140,73,48,61,2,1,4412,"Easthampton",FALSE,FALSE,TRUE,"car",956,"English",28," 956.00","MedHigh"
"41",14980,"18:58","5/2/17","18:22",1,67,73,48,61,2,1,4980,"Chesterfield",FALSE,FALSE,TRUE,"bike",0,"English",28,"   0.00","Low"
"42",15774,"18:59","5/2/17","18:10",5,140,73,48,61,2,1,5774,"Northampton",FALSE,TRUE,TRUE,"car",1144,"English",28," 229.00","Low"
"43",15924,"19:23","5/2/17","18:49",2,133,73,48,61,2,1,5924,"Northampton",FALSE,FALSE,FALSE,"car",1400,"English",28," 700.00","Med"
"44",17540,"16:39","5/2/17","16:14",1,48,73,48,61,2,1,7540,"Northampton",FALSE,TRUE,TRUE,"walk",970,"English",28," 970.00","MedHigh"
"45",17764,"17:40","5/2/17","16:54",2,61,73,48,61,2,1,7764,"Northampton",FALSE,FALSE,TRUE,"car",1783,"Cambodian",28," 892.00","MedHigh"
"46",18506,"17:41","5/2/17","16:58",3,63,73,48,61,2,1,8506,"Northampton",FALSE,FALSE,TRUE,"car",930,"English",28," 310.00","Low"
"47",18576,"17:45","5/2/17","16:50",4,92,73,48,61,2,1,8576,"Easthampton",FALSE,TRUE,TRUE,"car",3723,"English",28," 931.00","MedHigh"
"48",19086,"17:11","5/2/17","16:43",1,34.5,73,48,61,2,1,9086,"Easthampton",FALSE,FALSE,FALSE,"car",715,"English",28," 715.00","Med"
"49",19100,"17:33","5/2/17","16:45",7,184,73,48,61,2,1,9100,"Northampton",FALSE,FALSE,TRUE,"walk",660,"English",28,"  94.00","Low"
"50",19177,"16:18","5/2/17","16:00",1,99,73,48,61,2,1,9177,"Northampton",FALSE,FALSE,TRUE,"bike",494,"English",28," 494.00","LowMed"
"51",19303,"16:56","5/2/17","16:29",2,129,73,48,61,2,1,9303,"Northampton",FALSE,FALSE,FALSE,"car",1473,"English",28," 736.00","Med"
"52",19670,"18:21","5/2/17","17:50",2,75,73,48,61,2,1,9670,"Northampton",FALSE,FALSE,FALSE,"bus",1400,"English",28," 700.00","Med"
"53",19824,"16:41","5/2/17","16:10",1,52,73,48,61,2,1,9824,"Northampton",FALSE,FALSE,FALSE,"car",1230,"English",28,"1230.00","High"
"54",19926,"18:09","5/2/17","17:47",1,39.5,73,48,61,2,1,9926,"Florence",FALSE,FALSE,FALSE,"car",1400,"English",28,"1400.00","High"
"55",19950,"16:48","5/2/17","16:17",1,69.5,73,48,61,2,1,9950,"Northampton",FALSE,FALSE,FALSE,"walk",803,"English",28," 803.00","Med"
"56",19956,"17:03","5/2/17","16:22",3,140,73,48,61,2,1,9956,"South Hadley",FALSE,TRUE,TRUE,"car",1367,"English",28," 456.00","LowMed"
"57",19957,"18:49","5/2/17","18:02",3,195,73,48,61,2,1,9957,"Northampton",FALSE,FALSE,FALSE,"car",2200,"English",28," 733.00","Med"
"58",10177,"13:48","5/3/17","13:15",1,52.5,60,36,50,3,0,177,"Northampton",FALSE,TRUE,TRUE,"car",0,"English",26,"   0.00","Low"
"59",11136,"12:10","5/3/17","11:41",2,69.5,60,36,50,3,0,1136,"Northampton",FALSE,TRUE,TRUE,"car",867,"English",26," 434.00","LowMed"
"60",11279,"14:00","5/3/17","13:33",1,49,60,36,50,3,0,1279,"Northampton",FALSE,TRUE,TRUE,"car",950,"English",26," 950.00","MedHigh"
"61",11916,"13:32","5/3/17","12:54",2,87,60,36,50,3,0,1916,"Northampton",FALSE,TRUE,TRUE,"car",1591.49,"English",26," 796.00","Med"
"62",12847,"11:36","5/3/17","11:07",3,110.5,60,36,50,3,0,2847,"Williamsburg",FALSE,TRUE,TRUE,"car",2378,"English",26," 793.00","Med"
"63",13105,"11:19","5/3/17","11:00",1,19,60,36,50,3,0,3105,"Northampton",FALSE,FALSE,TRUE,"walk",900,"English",26," 900.00","MedHigh"
"64",13703,"12:28","5/3/17","11:48",1,76.5,60,36,50,3,0,3703,"Southampton",FALSE,FALSE,TRUE,"car",1123,"English",26,"1123.00","High"
"65",13928,"11:19","5/3/17","11:03",1,44,60,36,50,3,0,3928,"Northampton",FALSE,TRUE,TRUE,"car",1000,"English",26,"1000.00","MedHigh"
"66",15241,"12:00","5/3/17","11:26",1,51.5,60,36,50,3,0,5241,"Northampton",FALSE,FALSE,TRUE,"car",1066,"English",26,"1066.00","High"
"67",15341,"12:04","5/3/17","11:23",5,64.5,60,36,50,3,0,5341,"Northampton",FALSE,FALSE,TRUE,"walk",1860,"Spanish",26," 372.00","LowMed"
"68",15801,"13:46","5/3/17","12:59",4,138.5,60,36,50,3,0,5801,"Southampton",FALSE,TRUE,TRUE,"car",1100,"English",26," 275.00","Low"
"69",15909,"11:56","5/3/17","11:30",2,70,60,36,50,3,0,5909,"Northampton",FALSE,TRUE,TRUE,"car",893,"English",26," 446.00","LowMed"
"70",16337,"11:45","5/3/17","11:12",2,64,60,36,50,3,0,6337,"Northampton",FALSE,TRUE,TRUE,"car",1060,"English",26," 530.00","LowMed"
"71",17530,"11:52","5/3/17","11:14",2,83.5,60,36,50,3,0,7530,"Northampton",FALSE,TRUE,TRUE,"car",357,"English",26," 178.00","Low"
"72",17823,"11:34","5/3/17","11:07",1,62,60,36,50,3,0,7823,"Northampton",FALSE,TRUE,TRUE,"car",962,"English",26," 962.00","MedHigh"
"73",17906,"12:20","5/3/17","11:28",2,74,60,36,50,3,0,7906,"Plainfield",FALSE,TRUE,TRUE,"car",1720,"English",26," 860.00","Med"
"74",17955,"11:18","5/3/17","11:01",1,30,60,36,50,3,0,7955,"Northampton",FALSE,FALSE,TRUE,"bus",824,"English",26," 824.00","Med"
"75",18237,"11:38","5/3/17","11:09",1,78.5,60,36,50,3,0,8237,"Hatfield",FALSE,TRUE,TRUE,"car",2017,"English",26,"2017.00","High"
"76",18279,"11:55","5/3/17","11:20",2,59,60,36,50,3,0,8279,"Northampton",FALSE,FALSE,FALSE,"car",2080,"English",26,"1040.00","MedHigh"
"77",18808,"11:33","5/3/17","10:59",1,44,60,36,50,3,0,8808,"Northampton",FALSE,FALSE,TRUE,"car",989,"English",26," 989.00","MedHigh"
"78",19376,"12:15","5/3/17","11:43",3,61,60,36,50,3,0,9376,"Easthampton",FALSE,FALSE,TRUE,"car",1291,"Morrrocan",26," 430.00","LowMed"
"79",19580,"12:12","5/3/17","11:37",1,51.5,60,36,50,3,0,9580,"Temp",FALSE,FALSE,TRUE,"walk",194,"English",26," 194.00","Low"
"80",19614,"11:41","5/3/17","11:18",1,21.5,60,36,50,3,0,9614,"Easthampton",FALSE,TRUE,TRUE,"car",0,"English",26,"   0.00","Low"
"81",19630,"13:30","5/3/17","12:51",3,92,60,36,50,3,0,9630,"Northampton",FALSE,FALSE,FALSE,"car",1088,"English",26," 363.00","LowMed"
"82",19632,"12:26","5/3/17","11:46",1,31.5,60,36,50,3,0,9632,"Southampton",FALSE,FALSE,TRUE,"car",921,"English",26," 921.00","MedHigh"
"83",19852,"12:42","5/3/17","12:13",2,152.5,60,36,50,3,0,9852,"Northampton",FALSE,FALSE,TRUE,"car",1141,"English",26," 570.00","LowMed"
"84",10578,"19:42","5/4/17","18:54",3,113.5,68,31,49,4,0,578,"Northampton",FALSE,TRUE,TRUE,"car",1140,"English",35," 380.00","LowMed"
"85",10863,"17:12","5/4/17","16:28",1,44.5,68,31,49,4,0,863,"Northampton",FALSE,FALSE,TRUE,"walk",1181,"English",35,"1181.00","High"
"86",11005,"16:30","5/4/17","16:06",1,50,68,31,49,4,0,1005,"Easthampton",FALSE,FALSE,FALSE,"car",1360,"English",35,"1360.00","High"
"87",11158,"18:25","5/4/17","17:32",5,155,68,31,49,4,0,1158,"Easthampton",FALSE,TRUE,TRUE,"car",3440,"English",35," 688.00","Med"
"88",11691,"17:30","5/4/17","16:39",3,143.5,68,31,49,4,0,1691,"Easthampton",FALSE,FALSE,TRUE,"car",2135,"English",35," 712.00","Med"
"89",11733,"18:39","5/4/17","18:07",1,38,68,31,49,4,0,1733,"Hatfield",FALSE,FALSE,FALSE,"car",1541,"English",35,"1541.00","High"
"90",11836,"17:55","5/4/17","17:19",1,24.5,68,31,49,4,0,1836,"Northampton",FALSE,TRUE,TRUE,"car",1125,"English",35,"1125.00","High"
"91",13042,"18:34","5/4/17","17:49",1,56.5,68,31,49,4,0,3042,"Southampton",FALSE,FALSE,TRUE,"car",1374,"English",35,"1374.00","High"
"92",13650,"16:32","5/4/17","16:02",4,134,68,31,49,4,0,3650,"Chesterfield",FALSE,TRUE,TRUE,"car",1387,"English",35," 347.00","LowMed"
"93",14623,"19:04","5/4/17","18:43",2,70.5,68,31,49,4,0,4623,"Easthampton",FALSE,FALSE,TRUE,"car",1540,"English",35," 770.00","Med"
"94",14801,"17:53","5/4/17","17:12",1,52,68,31,49,4,0,4801,"Northampton",FALSE,FALSE,TRUE,"car",924,"English",35," 924.00","MedHigh"
"95",15228,"18:02","5/4/17","17:26",4,59.5,68,31,49,4,0,5228,"Northampton",FALSE,TRUE,TRUE,"car",1980,"English",35," 495.00","LowMed"
"96",15519,"17:03","5/4/17","16:22",3,60.5,68,31,49,4,0,5519,"Northampton",TRUE,FALSE,TRUE,"walk",1009,"English",35," 336.00","LowMed"
"97",16644,"18:46","5/4/17","18:24",1,36.5,68,31,49,4,0,6644,"Temp",FALSE,FALSE,TRUE,"walk",490,"English",35," 490.00","LowMed"
"98",17285,"17:09","5/4/17","16:24",2,62.5,68,31,49,4,0,7285,"Hadley",FALSE,TRUE,TRUE,"car",1655,"English",35," 828.00","Med"
"99",17403,"18:26","5/4/17","17:43",1,34,68,31,49,4,0,7403,"Northampton",FALSE,FALSE,TRUE,"car",1282,"English",35,"1282.00","High"
"100",17703,"19:36","5/4/17","18:59",3,93.5,68,31,49,4,0,7703,"Northampton",FALSE,FALSE,TRUE,"car",3045,"English",35,"1015.00","MedHigh"
"101",17808,"17:46","5/4/17","16:48",5,176,68,31,49,4,0,7808,"South Hadley",FALSE,FALSE,TRUE,"car",4963,"English",35," 993.00","MedHigh"
"102",18026,"18:08","5/4/17","17:36",1,43.5,68,31,49,4,0,8026,"Northampton",FALSE,TRUE,TRUE,"walk",991,"English",35," 991.00","MedHigh"
"103",18211,"17:03","5/4/17","16:19",2,69,68,31,49,4,0,8211,"Northampton",FALSE,FALSE,TRUE,"car",1025,"English",35," 512.00","LowMed"
"104",18301,"19:14","5/4/17","18:48",3,100,68,31,49,4,0,8301,"Easthampton",FALSE,TRUE,TRUE,"car",1893,"English",35," 631.00","Med"
"105",18428,"18:48","5/4/17","18:12",5,184.5,68,31,49,4,0,8428,"Southampton",FALSE,TRUE,TRUE,"car",1521,"English",35," 304.00","Low"
"106",18826,"16:21","5/4/17","16:03",1,48,68,31,49,4,0,8826,"Northampton",FALSE,FALSE,TRUE,"car",929,"English",35," 929.00","MedHigh"
"107",18940,"17:52","5/4/17","0:00",7,210.5,68,31,49,4,0,8940,"Easthampton",TRUE,TRUE,TRUE,"car",4212,"English",35," 602.00","Med"
"108",19176,"18:04","5/4/17","0:00",3,94,68,31,49,4,0,9176,"South Hadley",FALSE,TRUE,TRUE,"car",1561,"English",35," 520.00","LowMed"
"109",19239,"18:20","5/4/17","17:41",1,57.5,68,31,49,4,0,9239,"Northampton",FALSE,FALSE,FALSE,"car",700,"English",35," 700.00","Med"
"110",19397,"16:44","5/4/17","16:15",1,50,68,31,49,4,0,9397,"Northampton",FALSE,FALSE,TRUE,"bus",497,"English",35," 497.00","LowMed"
"111",19543,"16:59","5/4/17","16:20",3,101,68,31,49,4,0,9543,"Easthampton",FALSE,FALSE,TRUE,"car",3093,"English",35,"1031.00","MedHigh"
"112",19662,"18:16","5/4/17","17:39",1,40,68,31,49,4,0,9662,"Northampton",FALSE,FALSE,TRUE,"car",1114,"English",35,"1114.00","High"
"113",19683,"16:45","5/4/17","16:10",4,124.5,68,31,49,4,0,9683,"South Hadley",FALSE,FALSE,FALSE,"car",1200,"English",35," 300.00","Low"
"114",19783,"16:40","5/4/17","16:07",3,91,68,31,49,4,0,9783,"Easthampton",FALSE,FALSE,TRUE,"car",3047,"English",35,"1016.00","MedHigh"
"115",19868,"17:11","5/4/17","16:21",4,120.5,68,31,49,4,0,9868,"Northampton",FALSE,FALSE,TRUE,"car",717,"English",35," 179.00","Low"
"116",19943,"17:20","5/4/17","16:32",3,83.5,68,31,49,4,0,9943,"Temp",FALSE,FALSE,TRUE,"car",0,"English",35,"   0.00","Low"
"117",19949,"17:38","5/4/17","16:54",1,67.5,68,31,49,4,0,9949,"Northampton",FALSE,FALSE,TRUE,"bus",735,"English",35," 735.00","Med"
"118",19958,"17:32","5/4/17","16:53",1,13.5,68,31,49,4,0,9958,"Flonrece",FALSE,FALSE,FALSE,"car",1683,"English",35,"1683.00","High"
"119",10766,"14:36","5/5/17","13:56",2,61,51,45,48,5,1,766,"Easthampton",FALSE,TRUE,TRUE,"car",1487,"English",34," 744.00","Med"
"120",11003,"11:59","5/5/17","11:16",1,35,51,45,48,5,1,1003,"Northampton",FALSE,FALSE,TRUE,"car",931,"Spanish",34," 931.00","MedHigh"
"121",11050,"11:44","5/5/17","11:04",7,210,51,45,48,5,1,1050,"Northampton",FALSE,FALSE,TRUE,"car",1602,"English",34," 229.00","Low"
"122",11098,"12:22","5/5/17","11:26",1,62.5,51,45,48,5,1,1098,"Northampton",FALSE,FALSE,TRUE,"car",1870,"English",34,"1870.00","High"
"123",11182,"12:35","5/5/17","11:38",1,37,51,45,48,5,1,1182,"Northampton",FALSE,FALSE,FALSE,"car",194,"Spanish",34," 194.00","Low"
"124",11212,"12:40","5/5/17","11:50",1,59,51,45,48,5,1,1212,"Northampton",FALSE,TRUE,TRUE,"car",1017,"English",34,"1017.00","MedHigh"
"125",11233,"11:36","5/5/17","11:03",4,67.5,51,45,48,5,1,1233,"Northampton",FALSE,TRUE,TRUE,"car",2252,"English",34," 563.00","LowMed"
"126",11305,"14:12","5/5/17","13:29",3,80,51,45,48,5,1,1305,"Northampton",FALSE,TRUE,TRUE,"car",2975,"English",34," 992.00","MedHigh"
"127",11540,"13:34","5/5/17","13:09",1,66,51,45,48,5,1,1540,"Easthampton",FALSE,FALSE,TRUE,"car",944,"English",34," 944.00","MedHigh"
"128",12090,"13:00","5/5/17","11:57",3,97,51,45,48,5,1,2090,"Northampton",FALSE,TRUE,TRUE,"car",1911,"English",34," 637.00","Med"
"129",13264,"12:53","5/5/17","11:42",5,153,51,45,48,5,1,3264,"Goshen",FALSE,FALSE,TRUE,"car",2984,"English",34," 597.00","Med"
"130",14097,"13:55","5/5/17","13:18",7,121.5,51,45,48,5,1,4097,"Chesterfield",TRUE,FALSE,TRUE,"car",2412,"English",34," 345.00","LowMed"
"131",15269,"14:16","5/5/17","13:40",2,57,51,45,48,5,1,5269,"Northampton",FALSE,TRUE,TRUE,"walk",1887,"English",34," 944.00","MedHigh"
"132",15558,"14:06","5/5/17","13:25",4,109.5,51,45,48,5,1,5558,"Northampton",FALSE,TRUE,TRUE,"car",2214,"English",34," 554.00","LowMed"
"133",16391,"12:09","5/5/17","11:19",2,69,51,45,48,5,1,6391,"Easthampton",FALSE,FALSE,TRUE,"car",746,"Cambodian",34," 373.00","LowMed"
"134",17051,"11:39","5/5/17","11:09",1,52.5,51,45,48,5,1,7051,"Northampton",FALSE,TRUE,TRUE,"walk",1140,"English",34,"1140.00","High"
"135",18059,"13:57","5/5/17","13:26",2,32,51,45,48,5,1,8059,"Easthampton",FALSE,FALSE,FALSE,"car",1742,"English",34," 871.00","MedHigh"
"136",18578,"12:01","5/5/17","11:14",4,129,51,45,48,5,1,8578,"Northampton",TRUE,TRUE,TRUE,"car",1881,"English",34," 470.00","LowMed"
"137",18743,"11:37","5/5/17","11:11",1,42.5,51,45,48,5,1,8743,"Easthampton",FALSE,TRUE,TRUE,"car",1325,"English",34,"1325.00","High"
"138",18794,"14:19","5/5/17","13:42",1,43,51,45,48,5,1,8794,"Northampton",FALSE,FALSE,TRUE,"car",946,"English",34," 946.00","MedHigh"
"139",18863,"12:10","5/5/17","11:21",3,109.5,51,45,48,5,1,8863,"Northampton",FALSE,FALSE,TRUE,"car",984,"English",34," 328.00","LowMed"
"140",18878,"11:58","5/5/17","11:06",6,190,51,45,48,5,1,8878,"Northampton",FALSE,FALSE,TRUE,"car",1384,"Spanish",34," 231.00","Low"
"141",19229,"13:52","5/5/17","13:11",3,52,51,45,48,5,1,9229,"Northampton",FALSE,FALSE,TRUE,"car",2227,"English",34," 742.00","Med"
"142",19436,"12:55","5/5/17","11:54",2,74.5,51,45,48,5,1,9436,"Northampton",FALSE,FALSE,TRUE,"car",881,"Spanish",34," 440.00","LowMed"
"143",19477,"14:20","5/5/17","13:38",1,71.5,51,45,48,5,1,9477,"Northampton",FALSE,FALSE,TRUE,"car",995,"English",34," 995.00","MedHigh"
"144",19521,"14:29","5/5/17","13:46",1,69,51,45,48,5,1,9521,"Easthampton",FALSE,FALSE,TRUE,"car",1083,"English",34,"1083.00","High"
"145",19532,"13:01","5/5/17","11:59",2,45,51,45,48,5,1,9532,"Northampton",FALSE,TRUE,TRUE,"bike",2080,"English",34,"1040.00","MedHigh"
"146",19721,"14:07","5/5/17","13:33",1,36,51,45,48,5,1,9721,"Northampton",FALSE,FALSE,TRUE,"car",784,"English",34," 784.00","Med"
"147",19797,"12:21","5/5/17","11:23",3,103.5,51,45,48,5,1,9797,"Huntington",FALSE,TRUE,TRUE,"car",511,"English",34," 170.00","Low"
"148",19900,"13:33","5/5/17","13:03",2,59.5,51,45,48,5,1,9900,"Northampton",FALSE,FALSE,TRUE,"car",1517,"English",34," 758.00","Med"
"149",19910,"13:06","5/5/17","12:22",4,119.5,51,45,48,5,1,9910,"Easthampton",FALSE,FALSE,FALSE,"car",2499,"English",34," 625.00","Med"
"150",19935,"12:57","5/5/17","11:45",3,73,51,45,48,5,1,9935,"Hadley",FALSE,TRUE,TRUE,"car",981,"English",34," 327.00","LowMed"
"151",19937,"13:01","5/5/17","12:01",1,11,51,45,48,5,1,9937,"Northampton",FALSE,TRUE,TRUE,"car",0,"English",34,"   0.00","Low"
"152",19959,"13:38","5/5/17","12:56",4,115.5,51,45,48,5,1,9959,"Northampton",TRUE,FALSE,TRUE,"car",1200,"English",34," 300.00","Low"
"153",10227,"11:21","5/8/17","11:00",1,52,52,41,46,1,0,227,"Northampton",FALSE,FALSE,TRUE,"car",1150,"English",36,"1150.00","High"
"154",10292,"11:29","5/8/17","11:05",1,50,52,41,46,1,0,292,"Northampton",FALSE,TRUE,FALSE,"car",800,"Japanese",36," 800.00","Med"
"155",11090,"13:39","5/8/17","12:55",1,38.5,52,41,46,1,0,1090,"Hatfield",FALSE,FALSE,TRUE,"car",981,"English",36," 981.00","MedHigh"
"156",11261,"11:59","5/8/17","11:23",3,120.5,52,41,46,1,0,1261,"Easthampton",FALSE,TRUE,TRUE,"car",1210,"English",36," 403.00","LowMed"
"157",11593,"13:47","5/8/17","12:56",1,37,52,41,46,1,0,1593,"Easthampton",FALSE,TRUE,TRUE,"car",1251,"English",36,"1251.00","High"
"158",11674,"12:25","5/8/17","11:33",5,156.5,52,41,46,1,0,1674,"Hadley",FALSE,FALSE,TRUE,"car",2364,"English",36," 473.00","LowMed"
"159",12047,"12:17","5/8/17","11:31",2,103,52,41,46,1,0,2047,"Northampton",FALSE,FALSE,TRUE,"walk",952,"English",36," 476.00","LowMed"
"160",12232,"13:56","5/8/17","13:13",1,48,52,41,46,1,0,2232,"Northampton",FALSE,FALSE,TRUE,"car",870,"English",36," 870.00","MedHigh"
"161",13371,"13:31","5/8/17","12:52",1,33.5,52,41,46,1,0,3371,"Northampton",FALSE,FALSE,TRUE,"walk",0,"English",36,"   0.00","Low"
"162",13562,"12:45","5/8/17","11:53",1,44.5,52,41,46,1,0,3562,"Northampton",FALSE,FALSE,TRUE,"car",936,"English",36," 936.00","MedHigh"
"163",13614,"11:54","5/8/17","11:11",3,109,52,41,46,1,0,3614,"Easthampton",FALSE,TRUE,TRUE,"car",78,"English",36,"  26.00","Low"
"164",14050,"12:27","5/8/17","11:35",6,138,52,41,46,1,0,4050,"Hadley",FALSE,FALSE,TRUE,"car",1866,"English",36," 311.00","Low"
"165",14100,"13:16","5/8/17","12:05",3,81,52,41,46,1,0,4100,"Northampton",FALSE,FALSE,TRUE,"car",1988,"English",36," 663.00","Med"
"166",14490,"13:55","5/8/17","13:10",1,45.5,52,41,46,1,0,4490,"Northampton",FALSE,FALSE,FALSE,"car",1660,"English",36,"1660.00","High"
"167",15139,"12:40","5/8/17","11:50",1,48,52,41,46,1,0,5139,"Northampton",FALSE,TRUE,TRUE,"car",876,"English",36," 876.00","MedHigh"
"168",16092,"11:38","5/8/17","11:07",2,58.5,52,41,46,1,0,6092,"Northampton",FALSE,TRUE,FALSE,"car",2030,"English",36,"1015.00","MedHigh"
"169",16243,"13:58","5/8/17","13:30",1,42.5,52,41,46,1,0,6243,"Easthampton",FALSE,TRUE,FALSE,"car",1050,"English",36,"1050.00","High"
"170",16538,"12:44","5/8/17","11:52",1,40.5,52,41,46,1,0,6538,"Northampton",FALSE,FALSE,TRUE,"walk",1017,"English",36,"1017.00","MedHigh"
"171",17074,"12:24","5/8/17","11:38",3,106.5,52,41,46,1,0,7074,"Northampton",FALSE,TRUE,FALSE,"car",2800,"English",36," 933.00","MedHigh"
"172",17231,"14:34","5/8/17","13:48",4,187,52,41,46,1,0,7231,"Easthampton",TRUE,FALSE,TRUE,"car",763,"English",36," 191.00","Low"
"173",17281,"11:26","5/8/17","11:02",3,88.5,52,41,46,1,0,7281,"Easthampton",FALSE,FALSE,TRUE,"car",1100,"English",36," 367.00","LowMed"
"174",17411,"12:10","5/8/17","11:29",4,76.5,52,41,46,1,0,7411,"Easthampton",FALSE,TRUE,TRUE,"car",2536,"English",36," 634.00","Med"
"175",18038,"13:23","5/8/17","12:40",1,43.5,52,41,46,1,0,8038,"Northampton",FALSE,FALSE,TRUE,"car",1120,"English",36,"1120.00","High"
"176",18070,"13:10 PM","5/8/17","12:17",1,39.5,52,41,46,1,0,8070,"Northampton",FALSE,TRUE,TRUE,"car",1347.4,"English",36,"1347.00","High"
"177",18299,"12:36","5/8/17","11:43",2,93,52,41,46,1,0,8299,"Northampton",FALSE,TRUE,TRUE,"car",1040,"English",36," 520.00","LowMed"
"178",18379,"13:08","5/8/17","12:23",1,41,52,41,46,1,0,8379,"Williamsburg",FALSE,FALSE,TRUE,"car",1329,"English",36,"1329.00","High"
"179",18397,"13:14","5/8/17","12:21",1,30,52,41,46,1,0,8397,"Northampton",FALSE,TRUE,TRUE,"car",619,"English",36," 619.00","Med"
"180",19402,"13:13","5/8/17","12:33",1,59,52,41,46,1,0,9402,"Northampton",FALSE,FALSE,TRUE,"car",959,"English",36," 959.00","MedHigh"
"181",19407,"13:37","5/8/17","12:53",1,28,52,41,46,1,0,9407,"Hatfield",FALSE,TRUE,TRUE,"car",1368,"English",36,"1368.00","High"
"182",19754,"13:17","5/8/17","12:14",3,90.5,52,41,46,1,0,9754,"Northampton",FALSE,FALSE,FALSE,"car",511,"Spanish",36," 170.00","Low"
"183",19762,"12:39","5/8/17","11:46",4,100,52,41,46,1,0,9762,"Northampton",TRUE,FALSE,TRUE,"car",357,"English",36,"  89.00","Low"
"184",19846,"12:53","5/8/17","12:06",1,26,52,41,46,1,0,9846,"Temp",FALSE,FALSE,TRUE,"walk",190,"English",36," 190.00","Low"
"185",19908,"12:28","5/8/17","11:40",1,44,52,41,46,1,0,9908,"Northampton",FALSE,FALSE,TRUE,"car",400,"English",36," 400.00","LowMed"
"186",19960,"12:46","5/8/17","11:58",1,50,52,41,46,1,0,9960,"Northampton",FALSE,FALSE,FALSE,"walk",0,"English",36,"   0.00","Low"
"187",19961,"13:08 PM","5/8/17","12:09",2,22,52,41,46,1,0,9961,"Northampton",FALSE,FALSE,FALSE,"walk",610,"English",36," 305.00","Low"
"188",19962,"13:35","5/8/17","12:48",2,72,52,41,46,1,0,9962,"Northampton",FALSE,FALSE,TRUE,"car",750,"English",36," 375.00","LowMed"
"189",10024,"19:24","5/9/17","18:44",1,35.5,53,34,44,2,1,24,"Northampton",FALSE,FALSE,TRUE,"car",1083,"English",34,"1083.00","High"
"190",10167,"16:40","5/9/17","16:09",2,79,53,34,44,2,1,167,"Easthampton",FALSE,TRUE,TRUE,"car",1691,"English",34," 846.00","Med"
"191",10982,"17:30","5/9/17","16:22",5,147,53,34,44,2,1,982,"Easthampton",FALSE,TRUE,TRUE,"car",3872,"English",34," 774.00","Med"
"192",11894,"18:32","5/9/17","17:11",4,90,53,34,44,2,1,1894,"Northampton",TRUE,TRUE,TRUE,"car",1170,"English",34," 292.00","Low"
"193",12470,"17:10","5/9/17","16:17",3,110.5,53,34,44,2,1,2470,"Easthampton",FALSE,TRUE,TRUE,"car",3142,"English",34,"1047.00","MedHigh"
"194",13819,"16:39","5/9/17","16:07",2,55.5,53,34,44,2,1,3819,"Easthampton",FALSE,TRUE,FALSE,"car",1701,"English",34," 850.00","Med"
"195",13987,"18:42","5/9/17","17:53",4,83.5,53,34,44,2,1,3987,"Northampton",FALSE,FALSE,TRUE,"car",2180,"Spanish",34," 545.00","LowMed"
"196",14084,"18:06","5/9/17","17:05",1,33.5,53,34,44,2,1,4084,"Northampton",FALSE,TRUE,TRUE,"car",988,"English",34," 988.00","MedHigh"
"197",14277,"18:02","5/9/17","17:04",1,44.5,53,34,44,2,1,4277,"Northampton",FALSE,FALSE,TRUE,"car",1012,"English",34,"1012.00","MedHigh"
"198",14751,"19:15","5/9/17","18:34",7,141.5,53,34,44,2,1,4751,"Northampton",FALSE,TRUE,TRUE,"car",3381,"English",34," 483.00","LowMed"
"199",14989,"18:23","5/9/17","17:16",4,74.5,53,34,44,2,1,4989,"Easthampton",FALSE,FALSE,TRUE,"car",1775,"English",34," 444.00","LowMed"
"200",15693,"16:41","5/9/17","16:13",4,83.5,53,34,44,2,1,5693,"Northampton",FALSE,FALSE,TRUE,"car",2200,"Spanish",34," 550.00","LowMed"
"201",16267,"17:40","5/9/17","16:37",3,87.5,53,34,44,2,1,6267,"Easthampton",FALSE,FALSE,TRUE,"car",1615,"English",34," 538.00","LowMed"
"202",16314,"19:00","5/9/17","18:26",1,39,53,34,44,2,1,6314,"Northampton",FALSE,FALSE,TRUE,"bus",194,"English",34," 194.00","Low"
"203",16887,"17:53","5/9/17","16:54",1,31.5,53,34,44,2,1,6887,"Northampton",FALSE,FALSE,TRUE,"bike",444,"English",34," 444.00","LowMed"
"204",16969,"16:56","5/9/17","16:14",4,164.5,53,34,44,2,1,6969,"Northampton",FALSE,FALSE,TRUE,"car",2196,"English",34," 549.00","LowMed"
"205",17485,"17:19","5/9/17","16:27",4,95,53,34,44,2,1,7485,"Northampton",FALSE,FALSE,TRUE,"car",1410,"English",34," 352.00","LowMed"
"206",17851,"18:17","5/9/17","17:13",2,52,53,34,44,2,1,7851,"Northampton",FALSE,FALSE,FALSE,"car",2069,"English",34,"1034.00","MedHigh"
"207",18515,"18:09","5/9/17","17:08",1,44,53,34,44,2,1,8515,"Northampton",FALSE,FALSE,TRUE,"car",972,"English",34," 972.00","MedHigh"
"208",18581,"18:26","5/9/17","17:30",1,45,53,34,44,2,1,8581,"Easthampton",FALSE,FALSE,TRUE,"car",198,"English",34," 198.00","Low"
"209",18686,"18:52","5/9/17","18:18",2,50.5,53,34,44,2,1,8686,"Temp",FALSE,TRUE,TRUE,"walk",1619,"English",34," 810.00","Med"
"210",18754,"17:24","5/9/17","16:20",3,94,53,34,44,2,1,8754,"Williamsburg",TRUE,TRUE,TRUE,"car",1800,"English",34," 600.00","Med"
"211",18947,"17:31","5/9/17","16:27",3,93.5,53,34,44,2,1,8947,"Northampton",FALSE,FALSE,TRUE,"car",1438,"Spanish",34," 479.00","LowMed"
"212",18973,"17:58","5/9/17","17:02",1,47,53,34,44,2,1,8973,"Northampton",FALSE,FALSE,FALSE,"car",1334,"English",34,"1334.00","High"
"213",19201,"18:59","5/9/17","18:21",1,52,53,34,44,2,1,9201,"Northampton",FALSE,FALSE,TRUE,"walk",0,"English",34,"   0.00","Low"
"214",19331,"19:22","5/9/17","18:39",1,83,53,34,44,2,1,9331,"Northampton",FALSE,FALSE,FALSE,"car",767,"English",34," 767.00","Med"
"215",19400,"17:31","5/9/17","16:41",1,58.5,53,34,44,2,1,9400,"Northampton",FALSE,FALSE,FALSE,"car",1600,"English",34,"1600.00","High"
"216",19488,"18:00","5/9/17","16:51",3,89,53,34,44,2,1,9488,"Northampton",FALSE,FALSE,FALSE,"car",1052,"English",34," 351.00","LowMed"
"217",19611,"17:33","5/9/17","16:32",5,145,53,34,44,2,1,9611,"Easthampton",TRUE,FALSE,TRUE,"car",1364,"English",34," 273.00","Low"
"218",19689,"17:35","5/9/17","16:44",1,22,53,34,44,2,1,9689,"Northampton",FALSE,FALSE,TRUE,"car",779,"English",34," 779.00","Med"
"219",19690,"18:37","5/9/17","17:42",3,42,53,34,44,2,1,9690,"Northampton",FALSE,TRUE,TRUE,"car",1700,"English",34," 567.00","LowMed"
"220",19755,"17:45","5/9/17","16:36",1,53.5,53,34,44,2,1,9755,"Northampton",FALSE,FALSE,FALSE,"car",840,"English",34," 840.00","Med"
"221",19757,"17:51","5/9/17","16:48",1,57.5,53,34,44,2,1,9757,"Northampton",FALSE,FALSE,FALSE,"car",1261,"English",34,"1261.00","High"
"222",19930,"18:24","5/9/17","17:28",2,48.5,53,34,44,2,1,9930,"Temp",FALSE,FALSE,FALSE,"bus",1224,"English",34," 612.00","Med"
"223",10805,"12:35","5/10/17","12:06",1,35,59,35,46,3,0,805,"Northampton",FALSE,TRUE,TRUE,"car",956,"English",32," 956.00","MedHigh"
"224",10976,"11:52","5/10/17","11:25",2,63.5,59,35,46,3,0,976,"Northampton",FALSE,FALSE,TRUE,"car",1431,"Spanish",32," 716.00","Med"
"225",10986,"14:24","5/10/17","13:54",1,39.5,59,35,46,3,0,986,"Northampton",FALSE,FALSE,TRUE,"bus",900,"English",32," 900.00","MedHigh"
"226",11450,"14:36","5/10/17","14:04",1,43,59,35,46,3,0,1450,"Easthampton",FALSE,FALSE,FALSE,"car",1412,"Polish",32,"1412.00","High"
"227",11523,"14:11","5/10/17","13:52",1,25,59,35,46,3,0,1523,"Northampton",FALSE,FALSE,TRUE,"car",840,"English",32," 840.00","Med"
"228",11530,"14:57","5/10/17","14:24",5,115.5,59,35,46,3,0,1530,"Hatfield",FALSE,TRUE,TRUE,"car",2191,"English",32," 438.00","LowMed"
"229",12606,"13:47","5/10/17","13:18",1,25.5,59,35,46,3,0,2606,"Florence",FALSE,FALSE,TRUE,"car",1172,"English",32,"1172.00","High"
"230",13906,"14:27","5/10/17","13:56",1,42,59,35,46,3,0,3906,"Northampton",FALSE,FALSE,TRUE,"bus",960,"English",32," 960.00","MedHigh"
"231",14030,"13:11","5/10/17","12:14",5,141.5,59,35,46,3,0,4030,"Easthampton",FALSE,TRUE,TRUE,"car",1500,"English",32," 300.00","Low"
"232",14693,"12:03","5/10/17","11:32",2,68,59,35,46,3,0,4693,"Northampton",FALSE,FALSE,TRUE,"car",356,"Spanish",32," 178.00","Low"
"233",15377,"12:21","5/10/17","11:39",4,109,59,35,46,3,0,5377,"Northampton",FALSE,FALSE,TRUE,"car",1700,"Spanish",32," 425.00","LowMed"
"234",16089,"13:44","5/10/17","13:13",1,77.5,59,35,46,3,0,6089,"Easthampton",FALSE,FALSE,FALSE,"car",1658,"English",32,"1658.00","High"
"235",16414,"13:42","5/10/17","13:08",2,62,59,35,46,3,0,6414,"South Hadley",FALSE,TRUE,TRUE,"car",1643,"English",32," 822.00","Med"
"236",17621,"13:49","5/10/17","13:23",1,39,59,35,46,3,0,7621,"Northampton",FALSE,FALSE,FALSE,"car",830,"English",32," 830.00","Med"
"237",17821,"11:34","5/10/17","11:01",6,163,59,35,46,3,0,7821,"South Hadley",FALSE,FALSE,TRUE,"car",2471,"English",32," 412.00","LowMed"
"238",19007,"14:17","5/10/17","13:29",3,110,59,35,46,3,0,9007,"Easthampton",TRUE,FALSE,TRUE,"car",2660,"English",32," 887.00","MedHigh"
"239",19271,"11:36","5/10/17","11:10",1,45.5,59,35,46,3,0,9271,"Northampton",FALSE,FALSE,TRUE,"bus",1169,"English",32,"1169.00","High"
"240",19454,"12:31","5/10/17","12:03",1,45.5,59,35,46,3,0,9454,"Hadley",FALSE,FALSE,TRUE,"car",1605,"English",32,"1605.00","High"
"241",19481,"12:16","5/10/17","11:36",4,87,59,35,46,3,0,9481,"South Hadley",TRUE,TRUE,TRUE,"car",2844,"English",32," 711.00","Med"
"242",19490,"12:33","5/10/17","11:51",4,119.5,59,35,46,3,0,9490,"Northampton",FALSE,FALSE,FALSE,"car",0,"Spanish",32,"   0.00","Low"
"243",19498,"12:04","5/10/17","11:34",2,71.5,59,35,46,3,0,9498,"Easthampton",FALSE,FALSE,TRUE,"car",0,"Tashalbite",32,"   0.00","Low"
"244",19580,"12:58","5/10/17","12:27",1,51.5,59,35,46,3,0,9580,"Temp",FALSE,FALSE,TRUE,"walk",194,"English",32," 194.00","Low"
"245",19651,"12:43","5/10/17","11:55",3,123.5,59,35,46,3,0,9651,"Northampton",FALSE,FALSE,TRUE,"car",3540,"English",32,"1180.00","High"
"246",19839,"13:38","5/10/17","12:50",1,47,59,35,46,3,0,9839,"Northampton",FALSE,FALSE,TRUE,"bus",190,"English",32," 190.00","Low"
"247",19876,"12:59","5/10/17","12:08",4,112,59,35,46,3,0,9876,"Northampton",FALSE,FALSE,TRUE,"car",1569,"Spanish",32," 392.00","LowMed"
"248",19925,"13:56","5/10/17","13:24",1,40,59,35,46,3,0,9925,"Easthampton",FALSE,FALSE,FALSE,"car",1679,"English",32,"1679.00","High"
"249",19947,"12:55","5/10/17","12:10",3,97.5,59,35,46,3,0,9947,"Easthampton",FALSE,TRUE,TRUE,"car",2516,"English",32," 839.00","Med"
"250",19956,"11:31","5/10/17","11:03",3,140,59,35,46,3,0,9956,"South Hadley",FALSE,TRUE,TRUE,"car",1367,"English",32," 456.00","LowMed"
"251",19963,"11:54","5/10/17","11:13",3,85.5,59,35,46,3,0,9963,"South Hadley",TRUE,FALSE,TRUE,"car",940,"English",32," 313.00","Low"
"252",19964,"13:23","5/10/17","12:35",3,110,59,35,46,3,0,9964,"Other-Belchertown",FALSE,FALSE,TRUE,"car",949,"English",32," 316.00","LowMed"
"253",19965,"13:33","5/10/17","12:41",4,136,59,35,46,3,0,9965,"Other-Belchertown",FALSE,FALSE,TRUE,"car",1510,"English",32," 378.00","LowMed"
"254",19966,"14:15","5/10/17","13:38",1,25,59,35,46,3,0,9966,"Northampton",FALSE,TRUE,TRUE,"bike",751,"English",32," 751.00","Med"
"255",10757,"17:36","5/11/17","17:01",1,49.5,64,40,52,4,0,757,"Northampton",FALSE,TRUE,TRUE,"car",1025,"English",30,"1025.00","MedHigh"
"256",10981,"16:52","5/11/17","16:21",2,59.5,64,40,52,4,0,981,"Northampton",FALSE,FALSE,TRUE,"car",1542,"Spanish",30," 771.00","Med"
"257",11154,"16:54","5/11/17","16:26",1,39.5,64,40,52,4,0,1154,"Northampton",FALSE,FALSE,TRUE,"car",964,"English",30," 964.00","MedHigh"
"258",11176,"17:10","5/11/17","16:33",2,61,64,40,52,4,0,1176,"Easthampton",FALSE,TRUE,FALSE,"car",1940,"English",30," 970.00","MedHigh"
"259",11381,"17:36","5/11/17","16:59",1,46.5,64,40,52,4,0,1381,"Northampton",FALSE,FALSE,TRUE,"car",988,"English",30," 988.00","MedHigh"
"260",11520,"16:52","5/11/17","16:28",1,44.5,64,40,52,4,0,1520,"Northampton",FALSE,TRUE,TRUE,"car",965,"Spanish",30," 965.00","MedHigh"
"261",11564,"16:26","5/11/17","16:00",1,44.5,64,40,52,4,0,1564,"Northampton",FALSE,TRUE,TRUE,"walk",955,"English",30," 955.00","MedHigh"
"262",11911,"16:30","5/11/17","16:10",1,48,64,40,52,4,0,1911,"Other-Belchertown",FALSE,FALSE,TRUE,"car",1394,"English",30,"1394.00","High"
"263",11998,"16:38","5/11/17","16:14",1,51.5,64,40,52,4,0,1998,"Northampton",FALSE,FALSE,FALSE,"car",1120,"English",30,"1120.00","High"
"264",12657,"16:21","5/11/17","16:02",1,44.5,64,40,52,4,0,2657,"Northampton",FALSE,TRUE,TRUE,"walk",1034,"English",30,"1034.00","MedHigh"
"265",13221,"19:37","5/11/17","18:48",8,168.5,64,40,52,4,0,3221,"Northampton",TRUE,TRUE,TRUE,"car",2047,"English",30," 256.00","Low"
"266",13591,"18:56","5/11/17","18:32",3,121,64,40,52,4,0,3591,"Northampton",FALSE,FALSE,TRUE,"car",1110,"English",30," 370.00","LowMed"
"267",15924,"18:44","5/11/17","17:53",2,133,64,40,52,4,0,5924,"Northampton",FALSE,FALSE,FALSE,"car",1400,"English",30," 700.00","Med"
"268",16069,"17:54","5/11/17","17:03",4,96,64,40,52,4,0,6069,"Easthampton",FALSE,FALSE,TRUE,"car",1440,"Arabic",30," 360.00","LowMed"
"269",16289,"18:48","5/11/17","18:12",2,57,64,40,52,4,0,6289,"Easthampton",FALSE,FALSE,TRUE,"car",1622,"English",30," 811.00","Med"
"270",17298,"17:59","5/11/17","17:22",4,109.5,64,40,52,4,0,7298,"Northampton",TRUE,FALSE,FALSE,"car",2200,"English",30," 550.00","LowMed"
"271",17956,"17:41","5/11/17","16:53",9,246,64,40,52,4,0,7956,"Northampton",FALSE,FALSE,TRUE,"car",2486,"Spanish",30," 276.00","Low"
"272",18284,"17:07","5/11/17","16:39",1,54.5,64,40,52,4,0,8284,"Northampton",FALSE,FALSE,TRUE,"car",819,"English",30," 819.00","Med"
"273",18297,"16:46","5/11/17","16:16",3,102,64,40,52,4,0,8297,"Easthampton",FALSE,TRUE,TRUE,"car",1347,"English",30," 449.00","LowMed"
"274",18439,"19:25","5/11/17","18:41",3,85.5,64,40,52,4,0,8439,"Northampton",FALSE,TRUE,TRUE,"car",1144,"English",30," 381.00","LowMed"
"275",18457,"17:48","5/11/17","17:07",2,64,64,40,52,4,0,8457,"Northampton",FALSE,FALSE,TRUE,"walk",930,"English",30," 465.00","LowMed"
"276",19146,"17:20","5/11/17","16:44",5,85.5,64,40,52,4,0,9146,"Northampton",TRUE,FALSE,TRUE,"car",1369,"English",30," 274.00","Low"
"277",19788,"19:13","5/11/17","18:16",6,196.5,64,40,52,4,0,9788,"Northampton",TRUE,FALSE,TRUE,"car",2559,"Spanish",30," 426.00","LowMed"
"278",19852,"18:44","5/11/17","17:54",2,152.5,64,40,52,4,0,9852,"Northampton",FALSE,FALSE,TRUE,"car",1141,"English",30," 570.00","LowMed"
"279",19883,"17:58","5/11/17","17:08",1,57,64,40,52,4,0,9883,"Northampton",FALSE,FALSE,TRUE,"car",600,"English",30," 600.00","Med"
"280",19899,"19:02","5/11/17","18:35",1,76.5,64,40,52,4,0,9899,"Northampton",FALSE,FALSE,TRUE,"car",1000,"English",30,"1000.00","MedHigh"
"281",19946,"16:36","5/11/17","16:12",1,86,64,40,52,4,0,9946,"Easthampton",FALSE,FALSE,TRUE,"car",1145,"English",30,"1145.00","High"
"282",19952,"17:21","5/11/17","16:50",1,63.5,64,40,52,4,0,9952,"Temp",FALSE,FALSE,FALSE,"car",194,"English",30," 194.00","Low"
"283",19957,"17:26","5/11/17","16:46",3,195,64,40,52,4,0,9957,"Northampton",FALSE,FALSE,FALSE,"car",2200,"English",30," 733.00","Med"
"284",11219,"11:48","5/12/17","11:13",1,36.5,66,40,53,5,0,1219,"Northampton",FALSE,FALSE,TRUE,"walk",1046,"English",36,"1046.00","MedHigh"
"285",11246,"11:56","5/12/17","11:20",1,42,66,40,53,5,0,1246,"Northampton",FALSE,FALSE,TRUE,"walk",975,"English",36," 975.00","MedHigh"
"286",11455,"13:36","5/12/17","12:26",3,76.5,66,40,53,5,0,1455,"Easthampton",FALSE,FALSE,TRUE,"car",1065,"English",36," 355.00","LowMed"
"287",11663,"13:52","5/12/17","13:14",1,51,66,40,53,5,0,1663,"Northampton",FALSE,FALSE,TRUE,"car",675,"Spanish",36," 675.00","Med"
"288",11947,"12:45","5/12/17","11:48",2,73,66,40,53,5,0,1947,"Northampton",FALSE,TRUE,TRUE,"walk",1277,"English",36," 638.00","Med"
"289",13711,"14:28","5/12/17","13:45",1,58.5,66,40,53,5,0,3711,"Williamsburg",FALSE,FALSE,TRUE,"car",1475,"English",36,"1475.00","High"
"290",14141,"14:00","5/12/17","13:19",5,132,66,40,53,5,0,4141,"Northampton",FALSE,FALSE,TRUE,"car",2168,"Spanish",36," 434.00","LowMed"
"291",15086,"14:15","5/12/17","13:33",1,70,66,40,53,5,0,5086,"Easthampton",FALSE,FALSE,FALSE,"car",1420,"English",36,"1420.00","High"
"292",15336,"13:49","5/12/17","13:09",3,82,66,40,53,5,0,5336,"Northampton",FALSE,FALSE,TRUE,"car",2231,"English",36," 744.00","Med"
"293",15849,"13:17","5/12/17","12:18",2,46.5,66,40,53,5,0,5849,"Easthampton",FALSE,FALSE,TRUE,"car",680,"English",36," 340.00","LowMed"
"294",16089,"14:18","5/12/17","13:36",1,77.5,66,40,53,5,0,6089,"Easthampton",FALSE,FALSE,FALSE,"car",1658,"English",36,"1658.00","High"
"295",16570,"11:31","5/12/17","11:05",2,52.5,66,40,53,5,0,6570,"Easthampton",FALSE,TRUE,FALSE,"car",1765,"English",36," 882.00","MedHigh"
"296",16869,"13:33","5/12/17","12:36",1,36.5,66,40,53,5,0,6869,"Northampton",FALSE,FALSE,TRUE,"walk",1382,"English",36,"1382.00","High"
"297",16875,"11:33","5/12/17","11:01",2,86,66,40,53,5,0,6875,"Easthampton",FALSE,FALSE,FALSE,"car",2665,"English",36,"1332.00","High"
"298",17226,"11:35","5/12/17","11:07",1,33,66,40,53,5,0,7226,"Southampton",FALSE,FALSE,FALSE,"car",1750,"English",36,"1750.00","High"
"299",17391,"14:09","5/12/17","13:31",2,68.5,66,40,53,5,0,7391,"Easthampton",FALSE,TRUE,FALSE,"car",2356,"English",36,"1178.00","High"
"300",17852,"14:30","5/12/17","13:51",1,51,66,40,53,5,0,7852,"Northampton",FALSE,FALSE,TRUE,"walk",923,"English",36," 923.00","MedHigh"
"301",18537,"14:22","5/12/17","13:44",1,29,66,40,53,5,0,8537,"Hatfield",FALSE,TRUE,TRUE,"car",1350,"English",36,"1350.00","High"
"302",18702,"11:47","5/12/17","11:10",1,43.5,66,40,53,5,0,8702,"Easthampton",FALSE,FALSE,TRUE,"car",194,"English",36," 194.00","Low"
"303",18806,"12:36","5/12/17","11:43",5,210,66,40,53,5,0,8806,"Plainfield",FALSE,TRUE,TRUE,"car",1150,"English",36," 230.00","Low"
"304",19487,"14:10","5/12/17","13:24",3,73.5,66,40,53,5,0,9487,"Northampton",FALSE,FALSE,FALSE,"car",700,"English",36," 233.00","Low"
"305",19656,"12:32","5/12/17","11:45",2,94,66,40,53,5,0,9656,"Northampton",FALSE,FALSE,FALSE,"car",0,"English",36,"   0.00","Low"
"306",19779,"12:48","5/12/17","11:51",2,99.5,66,40,53,5,0,9779,"Northampton",TRUE,FALSE,TRUE,"car",3033,"English",36,"1516.00","High"
"307",19787,"13:27","5/12/17","12:22",1,34,66,40,53,5,0,9787,"Northampton",FALSE,FALSE,FALSE,"car",1100,"English",36,"1100.00","High"
"308",19824,"12:09","5/12/17","11:22",1,52,66,40,53,5,0,9824,"Northampton",FALSE,FALSE,FALSE,"car",1230,"English",36,"1230.00","High"
"309",19967,"12:21","5/12/17","11:36",1,32.5,66,40,53,5,0,9967,"Northampton",FALSE,FALSE,TRUE,"car",1350,"English",36,"1350.00","High"
