,id,check_out_time,date,intake.time,open_time,time.arrived,wait_open,arrive_before_after,household_size,pounds.of.food,time_waited_minutes,max_temp,min_temp,avg_temp,weekday,rain,HH.ID..use.this.to.match.with.ages.and.receipt.of.food.stamps.on.other.sheets.,town....Temp..means.homeless.,WIC,Fuel.Assist,Masshealth,usual.transportation,monthly.household.income,language.spoken.at.home,num.of.people.that.day
92,13650,16:32,5/4/2017,16:02,16:00,13:45,-135,Before,4,134,137,68,31,49,4,0,3650,Chesterfield,FALSE,TRUE,TRUE,car,"$1,387.00 ",English,35
29,19952,14:18,5/1/2017,17:17,11:00,12:53,113,After,1,63.5,264,62,45,52,1,0,9952,Temp,FALSE,FALSE,FALSE,car,$194.00 ,English,31
228,11530,14:57,5/10/2017,14:24,11:00,13:55,175,After,5,115.5,29,59,35,46,3,0,1530,Hatfield,FALSE,TRUE,TRUE,car,"$2,191.00 ",English,32
226,11450,14:36,5/10/2017,14:04,11:00,13:50,170,After,1,43,14,59,35,46,3,0,1450,Easthampton,FALSE,FALSE,FALSE,car,"$1,412.00 ",Polish,32
119,10766,14:36,5/5/2017,13:56,11:00,13:55,175,After,2,61,1,51,45,48,5,1,766,Easthampton,FALSE,TRUE,TRUE,car,"$1,487.00 ",English,34
106,18826,16:21,5/4/2017,16:03,16:00,13:55,-125,Before,1,48,128,68,31,49,4,0,8826,Northampton,FALSE,FALSE,TRUE,car,$929.00 ,English,35
230,13906,14:27,5/10/2017,13:56,11:00,13:39,159,After,1,42,17,59,35,46,3,0,3906,Northampton,FALSE,FALSE,TRUE,bus,$960.00 ,English,32
50,19177,16:18,5/2/2017,16:00,16:00,14:00,-120,Before,1,99,120,73,48,61,2,1,9177,Northampton,FALSE,FALSE,TRUE,bike,$494.00 ,English,28
194,13819,16:39,5/9/2017,16:07,16:00,14:00,-120,Before,2,55.5,127,53,34,44,2,1,3819,Easthampton,FALSE,TRUE,FALSE,car,"$1,701.00 ",English,34
225,10986,14:24,5/10/2017,13:54,11:00,13:38,158,After,1,39.5,16,59,35,46,3,0,986,Northampton,FALSE,FALSE,TRUE,bus,$900.00 ,English,32
227,11523,14:11,5/10/2017,13:52,11:00,13:36,156,After,1,25,16,59,35,46,3,0,1523,Northampton,FALSE,FALSE,TRUE,car,$840.00 ,English,32
304,17852,14:30,5/12/2017,13:51,11:00,13:40,160,After,1,51,11,66,40,53,5,0,7852,Northampton,FALSE,FALSE,TRUE,walk,$923.00 ,English,36
172,17231,14:34,5/8/2017,13:48,11:00,13:45,165,After,4,187,3,52,41,46,1,0,7231,Easthampton,TRUE,FALSE,TRUE,car,$763.00 ,English,36
144,19521,14:29,5/5/2017,13:46,11:00,13:40,160,After,1,69,6,51,45,48,5,1,9521,Easthampton,FALSE,FALSE,TRUE,car,"$1,083.00 ",English,34
290,13711,14:28,5/12/2017,13:45,11:00,13:38,158,After,1,58.5,7,66,40,53,5,0,3711,Williamsburg,FALSE,FALSE,TRUE,car,"$1,475.00 ",English,36
305,18537,14:22,5/12/2017,13:44,11:00,13:35,155,After,1,29,9,66,40,53,5,0,8537,Hatfield,FALSE,TRUE,TRUE,car,"$1,350.00 ",English,36
138,18794,14:19,5/5/2017,13:42,11:00,13:30,150,After,1,43,12,51,45,48,5,1,8794,Northampton,FALSE,FALSE,TRUE,car,$946.00 ,English,34
35,12084,16:37,5/2/2017,16:08,16:00,14:45,-75,Before,4,79,83,73,48,61,2,1,2084,Northampton,FALSE,FALSE,TRUE,walk,"$3,766.00 ",English,28
131,15269,14:16,5/5/2017,13:40,11:00,13:25,145,After,2,57,15,51,45,48,5,1,5269,Northampton,FALSE,TRUE,TRUE,walk,"$1,887.00 ",English,34
143,19477,14:20,5/5/2017,13:38,11:00,13:28,148,After,1,71.5,10,51,45,48,5,1,9477,Northampton,FALSE,FALSE,TRUE,car,$995.00 ,English,34
254,19966,14:15,5/10/2017,13:38,11:00,13:35,155,After,1,25,3,59,35,46,3,0,9966,Northampton,FALSE,TRUE,TRUE,bike,$751.00 ,English,32
296,16089,14:18,5/12/2017,13:36,11:00,13:19,139,After,1,77.5,17,66,40,53,5,0,6089,Easthampton,FALSE,FALSE,FALSE,car,"$1,658.00 ",English,36
23,19775,14:06,5/1/2017,13:36,11:00,13:26,146,After,1,49,10,62,45,52,1,0,9775,Northampton,FALSE,FALSE,FALSE,bike,$0.00 ,English,31
293,15086,14:15,5/12/2017,13:33,11:00,13:18,138,After,1,70,15,66,40,53,5,0,5086,Easthampton,FALSE,FALSE,FALSE,car,"$1,420.00 ",English,36
146,19721,14:07,5/5/2017,13:33,11:00,13:22,142,After,1,36,11,51,45,48,5,1,9721,Northampton,FALSE,FALSE,TRUE,car,$784.00 ,English,34
39,14055,16:38,5/2/2017,16:08,16:00,15:00,-60,Before,1,65.5,68,73,48,61,2,1,4055,Temp,FALSE,FALSE,TRUE,car,$866.00 ,English,28
44,17540,16:39,5/2/2017,16:14,16:00,15:00,-60,Before,1,48,74,73,48,61,2,1,7540,Northampton,FALSE,TRUE,TRUE,walk,$970.00 ,English,28
53,19824,16:41,5/2/2017,16:10,16:00,15:00,-60,Before,1,52,70,73,48,61,2,1,9824,Northampton,FALSE,FALSE,FALSE,car,"$1,230.00 ",English,28
190,10167,16:40,5/9/2017,16:09,16:00,15:00,-60,Before,2,79,69,53,34,44,2,1,167,Easthampton,FALSE,TRUE,TRUE,car,"$1,691.00 ",English,34
200,15693,16:41,5/9/2017,16:13,16:00,15:00,-60,Before,4,83.5,73,53,34,44,2,1,5693,Northampton,FALSE,FALSE,TRUE,car,"$2,200.00 ",Spanish,34
60,11279,14:00,5/3/2017,13:33,11:00,13:30,150,After,1,49,3,60,36,50,3,0,1279,Northampton,FALSE,TRUE,TRUE,car,$950.00 ,English,26
303,17391,14:09,5/12/2017,13:31,11:00,13:18,138,After,2,68.5,13,66,40,53,5,0,7391,Easthampton,FALSE,TRUE,FALSE,car,"$2,356.00 ",English,36
5,15553,14:04,5/1/2017,13:31,11:00,13:11,131,After,1,19.5,20,62,45,52,1,0,5553,Northampton,FALSE,FALSE,TRUE,bike,$732.00 ,English,31
169,16243,13:58,5/8/2017,13:30,11:00,13:22,142,After,1,42.5,8,52,41,46,1,0,6243,Easthampton,FALSE,TRUE,FALSE,car,"$1,050.00 ",English,36
238,19007,14:17,5/10/2017,13:29,11:00,13:16,136,After,3,110,13,59,35,46,3,0,9007,Easthampton,TRUE,FALSE,TRUE,car,"$2,660.00 ",English,32
126,11305,14:12,5/5/2017,13:29,11:00,13:20,140,After,3,80,9,51,45,48,5,1,1305,Northampton,FALSE,TRUE,TRUE,car,"$2,975.00 ",English,34
18,19462,13:59,5/1/2017,13:27,11:00,13:10,130,After,1,46.5,17,62,45,52,1,0,9462,Temp,FALSE,FALSE,TRUE,car,$795.00 ,English,31
204,16969,16:56,5/9/2017,16:14,16:00,15:05,-55,Before,4,164.5,69,53,34,44,2,1,6969,Northampton,FALSE,FALSE,TRUE,car,"$2,196.00 ",English,34
8,17165,13:52,5/1/2017,13:27,11:00,13:10,130,After,1,46,17,62,45,52,1,0,7165,Northampton,FALSE,FALSE,TRUE,walk,$983.00 ,English,31
135,18059,13:57,5/5/2017,13:26,11:00,13:15,135,After,2,32,11,51,45,48,5,1,8059,Easthampton,FALSE,FALSE,FALSE,car,"$1,742.00 ",English,34
86,11005,16:30,5/4/2017,16:06,16:00,15:15,-45,Before,1,50,51,68,31,49,4,0,1005,Easthampton,FALSE,FALSE,FALSE,car,"$1,360.00 ",English,35
114,19783,16:40,5/4/2017,16:07,16:00,15:15,-45,Before,3,91,52,68,31,49,4,0,9783,Easthampton,FALSE,FALSE,TRUE,car,"$3,047.00 ",English,35
132,15558,14:06,5/5/2017,13:25,11:00,13:12,132,After,4,109.5,13,51,45,48,5,1,5558,Northampton,FALSE,TRUE,TRUE,car,"$2,214.00 ",English,34
308,19487,14:10,5/12/2017,13:24,11:00,13:18,138,After,3,73.5,6,66,40,53,5,0,9487,Northampton,FALSE,FALSE,FALSE,car,$700.00 ,English,36
32,11647,16:50,5/2/2017,16:17,16:00,15:20,-40,Before,1,66,57,73,48,61,2,1,1647,Northampton,FALSE,FALSE,FALSE,bus,"$1,330.00 ",English,28
193,12470,17:10,5/9/2017,16:17,16:00,15:20,-40,Before,3,110.5,57,53,34,44,2,1,2470,Easthampton,FALSE,TRUE,TRUE,car,"$3,142.00 ",English,34
248,19925,13:56,5/10/2017,13:24,11:00,13:15,135,After,1,40,9,59,35,46,3,0,9925,Easthampton,FALSE,FALSE,FALSE,car,"$1,679.00 ",English,32
19,19533,13:52,5/1/2017,13:24,11:00,13:00,120,After,1,48.5,24,62,45,52,1,0,9533,Northampton,FALSE,FALSE,TRUE,car,$300.00 ,English,31
210,18754,17:24,5/9/2017,16:20,16:00,15:25,-35,Before,3,94,55,53,34,44,2,1,8754,Williamsburg,TRUE,TRUE,TRUE,car,"$1,800.00 ",English,34
24,19784,13:45,5/1/2017,13:24,11:00,13:00,120,After,1,55,24,62,45,52,1,0,9784,Temp,FALSE,FALSE,TRUE,walk,$194.00 ,English,31
236,17621,13:49,5/10/2017,13:23,11:00,13:12,132,After,1,39,11,59,35,46,3,0,7621,Northampton,FALSE,FALSE,FALSE,car,$830.00 ,English,32
25,19913,14:13,5/1/2017,13:22,11:00,12:40,100,After,1,25.5,42,62,45,52,1,0,9913,Temp,FALSE,FALSE,FALSE,car,"$1,216.00 ",English,31
31,19955,14:17,5/1/2017,13:20,11:00,12:50,110,After,1,30.5,30,62,45,52,1,0,9955,Temp,FALSE,FALSE,TRUE,car,$289.00 ,English,31
292,14141,14:00,5/12/2017,13:19,11:00,13:00,120,After,5,132,19,66,40,53,5,0,4141,Northampton,FALSE,FALSE,TRUE,car,"$2,168.00 ",Spanish,36
51,19303,16:56,5/2/2017,16:29,16:00,15:30,-30,Before,2,129,59,73,48,61,2,1,9303,Northampton,FALSE,FALSE,FALSE,car,"$1,473.00 ",English,28
55,19950,16:48,5/2/2017,16:17,16:00,15:30,-30,Before,1,69.5,47,73,48,61,2,1,9950,Northampton,FALSE,FALSE,FALSE,walk,$803.00 ,English,28
56,19956,17:03,5/2/2017,16:22,16:00,15:30,-30,Before,3,140,52,73,48,61,2,1,9956,South Hadley,FALSE,TRUE,TRUE,car,"$1,367.00 ",English,28
205,17485,17:19,5/9/2017,16:27,16:00,15:30,-30,Before,4,95,57,53,34,44,2,1,7485,Northampton,FALSE,FALSE,TRUE,car,"$1,410.00 ",English,34
211,18947,17:31,5/9/2017,16:27,16:00,15:30,-30,Before,3,93.5,57,53,34,44,2,1,8947,Northampton,FALSE,FALSE,TRUE,car,"$1,438.00 ",Spanish,34
215,19400,17:31,5/9/2017,16:41,16:00,15:30,-30,Before,1,58.5,71,53,34,44,2,1,9400,Northampton,FALSE,FALSE,FALSE,car,"$1,600.00 ",English,34
218,19689,17:35,5/9/2017,16:44,16:00,15:30,-30,Before,1,22,74,53,34,44,2,1,9689,Northampton,FALSE,FALSE,TRUE,car,$779.00 ,English,34
130,14097,13:55,5/5/2017,13:18,11:00,13:08,128,After,7,121.5,10,51,45,48,5,1,4097,Chesterfield,TRUE,FALSE,TRUE,car,"$2,412.00 ",English,34
229,12606,13:47,5/10/2017,13:18,11:00,13:10,130,After,1,25.5,8,59,35,46,3,0,2606,Florence,FALSE,FALSE,TRUE,car,"$1,172.00 ",English,32
58,10177,13:48,5/3/2017,13:16,11:00,13:15,135,After,1,52.5,1,60,36,50,3,0,177,Northampton,FALSE,TRUE,TRUE,car,$0.00 ,English,26
288,11663,13:52,5/12/2017,13:14,11:00,12:55,115,After,1,51,19,66,40,53,5,0,1663,Northampton,FALSE,FALSE,TRUE,car,$675.00 ,Spanish,36
160,12232,13:56,5/8/2017,13:13,11:00,13:12,132,After,1,48,1,52,41,46,1,0,2232,Northampton,FALSE,FALSE,TRUE,car,$870.00 ,English,36
191,10982,17:30,5/9/2017,16:22,16:00,15:32,-28,Before,5,147,50,53,34,44,2,1,982,Easthampton,FALSE,TRUE,TRUE,car,"$3,872.00 ",English,34
113,19683,16:45,5/4/2017,16:10,16:00,15:35,-25,Before,4,124.5,35,68,31,49,4,0,9683,South Hadley,FALSE,FALSE,FALSE,car,"$1,200.00 ",English,35
264,12657,16:21,5/11/2017,16:02,16:00,15:35,-25,Before,1,44.5,27,64,40,52,4,0,2657,Northampton,FALSE,TRUE,TRUE,walk,"$1,034.00 ",English,30
262,11911,16:30,5/11/2017,16:10,16:00,15:40,-20,Before,1,48,30,64,40,52,4,0,1911,Other-Belchertown,FALSE,FALSE,TRUE,car,"$1,394.00 ",English,30
234,16089,13:44,5/10/2017,13:13,11:00,13:09,129,After,1,77.5,4,59,35,46,3,0,6089,Easthampton,FALSE,FALSE,FALSE,car,"$1,658.00 ",English,32
30,19954,14:17,5/1/2017,13:11,11:00,12:45,105,After,1,47.5,26,62,45,52,1,0,9954,Temp,FALSE,FALSE,FALSE,car,$194.00 ,English,31
141,19229,13:52,5/5/2017,13:11,11:00,13:00,120,After,3,52,11,51,45,48,5,1,9229,Northampton,FALSE,FALSE,TRUE,car,"$2,227.00 ",English,34
166,14490,13:55,5/8/2017,13:10,11:00,13:10,130,After,1,45.5,0,52,41,46,1,0,4490,Northampton,FALSE,FALSE,FALSE,car,"$1,660.00 ",English,36
261,11564,16:26,5/11/2017,16:00,16:00,15:45,-15,Before,1,44.5,15,64,40,52,4,0,1564,Northampton,FALSE,TRUE,TRUE,walk,$955.00 ,English,30
263,11998,16:38,5/11/2017,16:14,16:00,15:45,-15,Before,1,51.5,29,64,40,52,4,0,1998,Northampton,FALSE,FALSE,FALSE,car,"$1,120.00 ",English,30
294,15336,13:49,5/12/2017,13:09,11:00,12:55,115,After,3,82,14,66,40,53,5,0,5336,Northampton,FALSE,FALSE,TRUE,car,"$2,231.00 ",English,36
217,19611,17:33,5/9/2017,16:32,16:00,15:47,-13,Before,5,145,45,53,34,44,2,1,9611,Easthampton,TRUE,FALSE,TRUE,car,"$1,364.00 ",English,34
127,11540,13:34,5/5/2017,13:09,11:00,12:52,112,After,1,66,17,51,45,48,5,1,1540,Easthampton,FALSE,FALSE,TRUE,car,$944.00 ,English,34
38,12610,17:13,5/2/2017,16:31,16:00,15:50,-10,Before,2,67.5,41,73,48,61,2,1,2610,Easthampton,FALSE,TRUE,TRUE,car,"$1,764.00 ",English,28
40,14412,17:02,5/2/2017,16:35,16:00,15:50,-10,Before,1,140,45,73,48,61,2,1,4412,Easthampton,FALSE,FALSE,TRUE,car,$956.00 ,English,28
235,16414,13:42,5/10/2017,13:08,11:00,13:05,125,After,2,62,3,59,35,46,3,0,6414,South Hadley,FALSE,TRUE,TRUE,car,"$1,643.00 ",English,32
96,15519,17:03,5/4/2017,16:22,16:00,15:50,-10,Before,3,60.5,32,68,31,49,4,0,5519,Northampton,TRUE,FALSE,TRUE,walk,"$1,009.00 ",English,35
103,18211,17:03,5/4/2017,16:19,16:00,15:50,-10,Before,2,69,29,68,31,49,4,0,8211,Northampton,FALSE,FALSE,TRUE,car,"$1,025.00 ",English,35
110,19397,16:44,5/4/2017,16:15,16:00,15:50,-10,Before,1,50,25,68,31,49,4,0,9397,Northampton,FALSE,FALSE,TRUE,bus,$497.00 ,English,35
111,19543,16:59,5/4/2017,16:20,16:00,15:50,-10,Before,3,101,30,68,31,49,4,0,9543,Easthampton,FALSE,FALSE,TRUE,car,"$3,093.00 ",English,35
117,19949,17:38,5/4/2017,16:54,16:00,15:50,-10,Before,1,67.5,64,68,31,49,4,0,9949,Northampton,FALSE,FALSE,TRUE,bus,$735.00 ,English,35
148,19900,13:33,5/5/2017,13:03,11:00,12:52,112,After,2,59.5,11,51,45,48,5,1,9900,Northampton,FALSE,FALSE,TRUE,car,"$1,517.00 ",English,34
68,15801,13:46,5/3/2017,12:59,11:00,12:59,119,After,4,138.5,0,60,36,50,3,0,5801,Southampton,FALSE,TRUE,TRUE,car,"$1,100.00 ",English,26
157,11593,13:47,5/8/2017,12:56,11:00,12:45,105,After,1,37,11,52,41,46,1,0,1593,Easthampton,FALSE,TRUE,TRUE,car,"$1,251.00 ",English,36
152,19959,13:38,5/5/2017,12:56,11:00,12:52,112,After,4,115.5,4,51,45,48,5,1,9959,Northampton,TRUE,FALSE,TRUE,car,"$1,200.00 ",English,34
155,11090,13:39,5/8/2017,12:55,11:00,12:45,105,After,1,38.5,10,52,41,46,1,0,1090,Hatfield,FALSE,FALSE,TRUE,car,$981.00 ,English,36
61,11916,13:32,5/3/2017,12:54,11:00,12:52,112,After,2,87,2,60,36,50,3,0,1916,Northampton,FALSE,TRUE,TRUE,car,"$1,591.49 ",English,26
181,19407,13:37,5/8/2017,12:53,11:00,12:45,105,After,1,28,8,52,41,46,1,0,9407,Hatfield,FALSE,TRUE,TRUE,car,"$1,368.00 ",English,36
33,11687,17:10,5/2/2017,16:43,16:00,15:55,-5,Before,1,32,48,73,48,61,2,1,1687,Easthampton,FALSE,TRUE,TRUE,car,"$1,308.00 ",English,28
201,16267,17:40,5/9/2017,16:37,16:00,15:55,-5,Before,3,87.5,42,53,34,44,2,1,6267,Easthampton,FALSE,FALSE,TRUE,car,"$1,615.00 ",English,34
98,17285,17:09,5/4/2017,16:24,16:00,15:55,-5,Before,2,62.5,29,68,31,49,4,0,7285,Hadley,FALSE,TRUE,TRUE,car,"$1,655.00 ",English,35
115,19868,17:11,5/4/2017,16:21,16:00,15:55,-5,Before,4,120.5,26,68,31,49,4,0,9868,Northampton,FALSE,FALSE,TRUE,car,$717.00 ,English,35
256,10981,16:52,5/11/2017,16:21,16:00,15:55,-5,Before,2,59.5,26,64,40,52,4,0,981,Northampton,FALSE,FALSE,TRUE,car,"$1,542.00 ",Spanish,30
257,11154,16:54,5/11/2017,16:26,16:00,15:55,-5,Before,1,39.5,31,64,40,52,4,0,1154,Northampton,FALSE,FALSE,TRUE,car,$964.00 ,English,30
260,11520,16:52,5/11/2017,16:28,16:00,15:55,-5,Before,1,44.5,33,64,40,52,4,0,1520,Northampton,FALSE,TRUE,TRUE,car,$965.00 ,Spanish,30
273,18297,16:46,5/11/2017,16:16,16:00,15:55,-5,Before,3,102,21,64,40,52,4,0,8297,Easthampton,FALSE,TRUE,TRUE,car,"$1,347.00 ",English,30
161,13371,13:31,5/8/2017,12:52,11:00,12:40,100,After,1,33.5,12,52,41,46,1,0,3371,Northampton,FALSE,FALSE,TRUE,walk,$0.00 ,English,36
81,19630,13:30,5/3/2017,12:51,11:00,12:49,109,After,3,92,2,60,36,50,3,0,9630,Northampton,FALSE,FALSE,FALSE,car,"$1,088.00 ",English,26
246,19839,13:38,5/10/2017,12:50,11:00,12:43,103,After,1,47,7,59,35,46,3,0,9839,Northampton,FALSE,FALSE,TRUE,bus,$190.00 ,English,32
48,19086,17:11,5/2/2017,16:43,16:00,16:00,0,Same,1,34.5,43,73,48,61,2,1,9086,Easthampton,FALSE,FALSE,FALSE,car,$715.00 ,English,28
188,19962,13:35,5/8/2017,12:48,11:00,12:30,90,After,2,72,18,52,41,46,1,0,9962,Northampton,FALSE,FALSE,TRUE,car,$750.00 ,English,36
272,18284,17:07,5/11/2017,16:39,16:00,16:00,0,Same,1,54.5,39,64,40,52,4,0,8284,Northampton,FALSE,FALSE,TRUE,car,$819.00 ,English,30
253,19965,13:33,5/10/2017,12:41,11:00,12:30,90,After,4,136,11,59,35,46,3,0,9965,Other-Belchertown,FALSE,FALSE,TRUE,car,"$1,510.00 ",English,32
258,11176,17:10,5/11/2017,16:33,16:00,16:02,2,After,2,61,31,64,40,52,4,0,1176,Easthampton,FALSE,TRUE,FALSE,car,"$1,940.00 ",English,30
175,18038,13:23,5/8/2017,12:40,11:00,12:30,90,After,1,43.5,10,52,41,46,1,0,8038,Northampton,FALSE,FALSE,TRUE,car,"$1,120.00 ",English,36
300,16869,13:33,5/12/2017,12:36,11:00,12:34,94,After,1,36.5,2,66,40,53,5,0,6869,Northampton,FALSE,FALSE,TRUE,walk,"$1,382.00 ",English,36
252,19964,13:23,5/10/2017,12:35,11:00,12:30,90,After,3,110,5,59,35,46,3,0,9964,Other-Belchertown,FALSE,FALSE,TRUE,car,$949.00 ,English,32
276,19146,17:20,5/11/2017,16:44,16:00,16:05,5,After,5,85.5,39,64,40,52,4,0,9146,Northampton,TRUE,FALSE,TRUE,car,"$1,369.00 ",English,30
180,19402,13:13,5/8/2017,12:33,11:00,12:30,90,After,1,59,3,52,41,46,1,0,9402,Northampton,FALSE,FALSE,TRUE,car,$959.00 ,English,36
20,19723,13:10,5/1/2017,12:30,11:00,12:29,89,After,2,52,1,62,45,52,1,0,9723,Easthampton,FALSE,FALSE,TRUE,car,$407.00 ,English,31
2,11330,13:14,5/1/2017,12:27,11:00,12:26,86,After,5,155.5,1,62,45,52,1,0,1330,Easthampton,FALSE,TRUE,TRUE,car,"$3,265.00 ",English,31
244,19580,12:58,5/10/2017,12:27,11:00,12:20,80,After,1,51.5,7,59,35,46,3,0,9580,Temp,FALSE,FALSE,TRUE,walk,$194.00 ,English,32
287,11455,13:36,5/12/2017,12:26,11:00,12:22,82,After,3,76.5,4,66,40,53,5,0,1455,Easthampton,FALSE,FALSE,TRUE,car,"$1,065.00 ",English,36
178,18379,13:08,5/8/2017,12:23,11:00,12:20,80,After,1,41,3,52,41,46,1,0,8379,Williamsburg,FALSE,FALSE,TRUE,car,"$1,329.00 ",English,36
283,19957,17:26,5/11/2017,16:46,16:00,16:09,9,After,3,195,37,64,40,52,4,0,9957,Northampton,FALSE,FALSE,FALSE,car,"$2,200.00 ",English,30
149,19910,13:06,5/5/2017,12:23,11:00,12:22,82,After,4,119.5,1,51,45,48,5,1,9910,Easthampton,FALSE,FALSE,FALSE,car,"$2,499.00 ",English,34
85,10863,17:12,5/4/2017,16:28,16:00,16:10,10,After,1,44.5,18,68,31,49,4,0,863,Northampton,FALSE,FALSE,TRUE,walk,"$1,181.00 ",English,35
281,19946,16:36,5/11/2017,16:15,16:00,16:12,12,After,1,86,3,64,40,52,4,0,9946,Easthampton,FALSE,FALSE,TRUE,car,"$1,145.00 ",English,30
282,19952,17:21,5/11/2017,16:50,16:00,16:13,13,After,1,63.5,37,64,40,52,4,0,9952,Temp,FALSE,FALSE,FALSE,car,$194.00 ,English,30
313,19787,13:27,5/12/2017,12:22,11:00,12:22,82,After,1,34,0,66,40,53,5,0,9787,Northampton,FALSE,FALSE,FALSE,car,"$1,100.00 ",English,36
179,18397,13:14,5/8/2017,12:21,11:00,12:15,75,After,1,30,6,52,41,46,1,0,8397,Northampton,FALSE,TRUE,TRUE,car,$619.00 ,English,36
295,15849,13:17,5/12/2017,12:18,11:00,12:18,78,After,2,46.5,0,66,40,53,5,0,5849,Easthampton,FALSE,FALSE,TRUE,car,$680.00 ,English,36
176,18070,13:10,5/8/2017,12:17,11:00,12:12,72,After,1,39.5,5,52,41,46,1,0,8070,Northampton,FALSE,TRUE,TRUE,car,"$1,347.40 ",English,36
182,19754,13:17,5/8/2017,12:14,11:00,12:10,70,After,3,90.5,4,52,41,46,1,0,9754,Northampton,FALSE,FALSE,FALSE,car,$511.00 ,Spanish,36
49,19100,17:33,5/2/2017,16:45,16:00,16:16,16,After,7,184,29,73,48,61,2,1,9100,Northampton,FALSE,FALSE,TRUE,walk,$660.00 ,English,28
116,19943,17:20,5/4/2017,16:32,16:00,16:16,16,After,3,83.5,16,68,31,49,4,0,9943,Temp,FALSE,FALSE,TRUE,car,$0.00 ,English,35
231,14030,13:11,5/10/2017,12:14,11:00,12:00,60,After,5,141.5,14,59,35,46,3,0,4030,Easthampton,FALSE,TRUE,TRUE,car,"$1,500.00 ",English,32
271,17956,17:41,5/11/2017,16:53,16:00,16:17,17,After,9,246,36,64,40,52,4,0,7956,Northampton,FALSE,FALSE,TRUE,car,"$2,486.00 ",Spanish,30
83,19852,12:42,5/3/2017,12:13,11:00,12:10,70,After,2,152.5,3,60,36,50,3,0,9852,Northampton,FALSE,FALSE,TRUE,car,"$1,141.00 ",English,26
13,18536,12:58,5/1/2017,12:12,11:00,12:02,62,After,3,122.5,10,62,45,52,1,0,8536,Northampton,FALSE,FALSE,FALSE,car,"$2,231.00 ",English,31
249,19947,12:55,5/10/2017,12:10,11:00,11:55,55,After,3,97.5,15,59,35,46,3,0,9947,Easthampton,FALSE,TRUE,TRUE,car,"$2,516.00 ",English,32
187,19961,13:08,5/8/2017,12:09,11:00,12:05,65,After,2,22,4,52,41,46,1,0,9961,Northampton,FALSE,FALSE,FALSE,walk,$610.00 ,English,36
247,19876,12:59,5/10/2017,12:08,11:00,11:43,43,After,4,112,25,59,35,46,3,0,9876,Northampton,FALSE,FALSE,TRUE,car,"$1,569.00 ",Spanish,32
27,19931,12:50,5/1/2017,12:08,11:00,11:48,48,After,1,41.5,20,62,45,52,1,0,9931,Easthampton,FALSE,FALSE,FALSE,car,"$1,300.00 ",English,31
220,19755,17:45,5/9/2017,16:36,16:00,16:21,21,After,1,53.5,15,53,34,44,2,1,9755,Northampton,FALSE,FALSE,FALSE,car,$840.00 ,English,34
9,17557,12:48,5/1/2017,12:07,11:00,11:43,43,After,1,29,24,62,45,52,1,0,7557,Northampton,FALSE,TRUE,FALSE,car,"$1,495.00 ",English,31
184,19846,12:53,5/8/2017,12:06,11:00,12:05,65,After,1,26,1,52,41,46,1,0,9846,Temp,FALSE,FALSE,TRUE,walk,$190.00 ,English,36
223,10805,12:35,5/10/2017,12:06,11:00,11:25,25,After,1,35,41,59,35,46,3,0,805,Northampton,FALSE,TRUE,TRUE,car,$956.00 ,English,32
165,14100,13:16,5/8/2017,12:05,11:00,12:00,60,After,3,81,5,52,41,46,1,0,4100,Northampton,FALSE,FALSE,TRUE,car,"$1,988.00 ",English,36
259,11381,17:36,5/11/2017,16:59,16:00,16:25,25,After,1,46.5,34,64,40,52,4,0,1381,Northampton,FALSE,FALSE,TRUE,car,$988.00 ,English,30
240,19454,12:31,5/10/2017,12:03,11:00,11:17,17,After,1,45.5,46,59,35,46,3,0,9454,Hadley,FALSE,FALSE,TRUE,car,"$1,605.00 ",English,32
221,19757,17:51,5/9/2017,16:48,16:00,16:30,30,After,1,57.5,18,53,34,44,2,1,9757,Northampton,FALSE,FALSE,FALSE,car,"$1,261.00 ",English,34
151,19937,13:01,5/5/2017,12:01,11:00,11:55,55,After,1,11,6,51,45,48,5,1,9937,Northampton,FALSE,TRUE,TRUE,car,$0.00 ,English,34
4,12841,12:42,5/1/2017,12:00,11:00,11:36,36,After,1,51.5,24,62,45,52,1,0,2841,Northampton,FALSE,FALSE,TRUE,car,$863.00 ,English,31
255,10757,17:36,5/11/2017,17:01,16:00,16:30,30,After,1,49.5,31,64,40,52,4,0,757,Northampton,FALSE,TRUE,TRUE,car,"$1,025.00 ",English,30
216,19488,18:00,5/9/2017,16:51,16:00,16:32,32,After,3,89,19,53,34,44,2,1,9488,Northampton,FALSE,FALSE,FALSE,car,"$1,052.00 ",English,34
88,11691,17:30,5/4/2017,16:39,16:00,16:34,34,After,3,143.5,5,68,31,49,4,0,1691,Easthampton,FALSE,FALSE,TRUE,car,"$2,135.00 ",English,35
203,16887,17:53,5/9/2017,16:54,16:00,16:35,35,After,1,31.5,19,53,34,44,2,1,6887,Northampton,FALSE,FALSE,TRUE,bike,$444.00 ,English,34
145,19532,13:01,5/5/2017,11:59,11:00,11:55,55,After,2,45,4,51,45,48,5,1,9532,Northampton,FALSE,TRUE,TRUE,bike,"$2,080.00 ",English,34
212,18973,17:58,5/9/2017,17:02,16:00,16:40,40,After,1,47,22,53,34,44,2,1,8973,Northampton,FALSE,FALSE,FALSE,car,"$1,334.00 ",English,34
186,19960,12:46,5/8/2017,11:58,11:00,11:56,56,After,1,50,2,52,41,46,1,0,9960,Northampton,FALSE,FALSE,FALSE,walk,$0.00 ,English,36
3,11780,12:24,5/1/2017,11:58,11:00,11:25,25,After,1,18,33,62,45,52,1,0,1780,Northampton,FALSE,FALSE,TRUE,walk,$910.00 ,English,31
128,12090,13:00,5/5/2017,11:57,11:00,11:22,22,After,3,97,35,51,45,48,5,1,2090,Northampton,FALSE,TRUE,TRUE,car,"$1,911.00 ",English,34
245,19651,12:43,5/10/2017,11:55,11:00,11:06,6,After,3,123.5,49,59,35,46,3,0,9651,Northampton,FALSE,FALSE,TRUE,car,"$3,540.00 ",English,32
142,19436,12:55,5/5/2017,11:54,11:00,11:22,22,After,2,74.5,32,51,45,48,5,1,9436,Northampton,FALSE,FALSE,TRUE,car,$881.00 ,Spanish,34
101,17808,17:46,5/4/2017,16:48,16:00,16:45,45,After,5,176,3,68,31,49,4,0,7808,South Hadley,FALSE,FALSE,TRUE,car,"$4,963.00 ",English,35
268,16069,17:54,5/11/2017,17:03,16:00,16:45,45,After,4,96,18,64,40,52,4,0,6069,Easthampton,FALSE,FALSE,TRUE,car,"$1,440.00 ",Arabic,30
162,13562,12:45,5/8/2017,11:53,11:00,11:28,28,After,1,44.5,25,52,41,46,1,0,3562,Northampton,FALSE,FALSE,TRUE,car,$936.00 ,English,36
47,18576,17:45,5/2/2017,16:50,16:00,16:49,49,After,4,92,1,73,48,61,2,1,8576,Easthampton,FALSE,TRUE,TRUE,car,"$3,723.00 ",English,28
196,14084,18:06,5/9/2017,17:05,16:00,16:49,49,After,1,33.5,16,53,34,44,2,1,4084,Northampton,FALSE,TRUE,TRUE,car,$988.00 ,English,34
197,14277,18:02,5/9/2017,17:04,16:00,16:49,49,After,1,44.5,15,53,34,44,2,1,4277,Northampton,FALSE,FALSE,TRUE,car,"$1,012.00 ",English,34
118,19958,17:32,5/4/2017,16:53,16:00,16:50,50,After,1,13.5,3,68,31,49,4,0,9958,Florence,FALSE,FALSE,FALSE,car,"$1,683.00 ",English,35
275,18457,17:48,5/11/2017,17:07,16:00,16:51,51,After,2,64,16,64,40,52,4,0,8457,Northampton,FALSE,FALSE,TRUE,walk,$930.00 ,English,30
45,17764,17:40,5/2/2017,16:54,16:00,16:53,53,After,2,61,1,73,48,61,2,1,7764,Northampton,FALSE,FALSE,TRUE,car,"$1,783.00 ",Cambodian,28
170,16538,12:44,5/8/2017,11:52,11:00,11:19,19,After,1,40.5,33,52,41,46,1,0,6538,Northampton,FALSE,FALSE,TRUE,walk,"$1,017.00 ",English,36
312,19779,12:48,5/12/2017,11:51,11:00,11:20,20,After,2,99.5,31,66,40,53,5,0,9779,Northampton,TRUE,FALSE,TRUE,car,"$3,033.00 ",English,36
242,19490,12:33,5/10/2017,11:51,11:00,11:05,5,After,4,119.5,46,59,35,46,3,0,9490,Northampton,FALSE,FALSE,FALSE,car,$0.00 ,Spanish,32
167,15139,12:40,5/8/2017,11:50,11:00,11:19,19,After,1,48,31,52,41,46,1,0,5139,Northampton,FALSE,TRUE,TRUE,car,$876.00 ,English,36
46,18506,17:41,5/2/2017,16:58,16:00,16:56,56,After,3,63,2,73,48,61,2,1,8506,Northampton,FALSE,FALSE,TRUE,car,$930.00 ,English,28
207,18515,18:09,5/9/2017,17:08,16:00,16:56,56,After,1,44,12,53,34,44,2,1,8515,Northampton,FALSE,FALSE,TRUE,car,$972.00 ,English,34
124,11212,12:40,5/5/2017,11:50,11:00,11:20,20,After,1,59,30,51,45,48,5,1,1212,Northampton,FALSE,TRUE,TRUE,car,"$1,017.00 ",English,34
289,11947,12:45,5/12/2017,11:48,11:00,11:15,15,After,2,73,33,66,40,53,5,0,1947,Northampton,FALSE,TRUE,TRUE,walk,"$1,277.00 ",English,36
64,13703,12:28,5/3/2017,11:48,11:00,11:45,45,After,1,76.5,3,60,36,50,3,0,3703,Southampton,FALSE,FALSE,TRUE,car,"$1,123.00 ",English,26
183,19762,12:39,5/8/2017,11:46,11:00,11:15,15,After,4,100,31,52,41,46,1,0,9762,Northampton,TRUE,FALSE,TRUE,car,$357.00 ,English,36
82,19632,12:26,5/3/2017,11:46,11:00,11:45,45,After,1,31.5,1,60,36,50,3,0,9632,Southampton,FALSE,FALSE,TRUE,car,$921.00 ,English,26
279,19883,17:58,5/11/2017,17:08,16:00,17:05,65,After,1,57,3,64,40,52,4,0,9883,Northampton,FALSE,FALSE,TRUE,car,$600.00 ,English,30
150,19935,12:57,5/5/2017,11:45,11:00,11:18,18,After,3,73,27,51,45,48,5,1,9935,Hadley,FALSE,TRUE,TRUE,car,$981.00 ,English,34
192,11894,18:32,5/9/2017,17:11,16:00,17:10,70,After,4,90,1,53,34,44,2,1,1894,Northampton,TRUE,TRUE,TRUE,car,"$1,170.00 ",English,34
310,19656,12:32,5/12/2017,11:45,11:00,11:00,0,Same,2,94,45,66,40,53,5,0,9656,Northampton,FALSE,FALSE,FALSE,car,$0.00 ,English,36
94,14801,17:53,5/4/2017,17:12,16:00,17:10,70,After,1,52,2,68,31,49,4,0,4801,Northampton,FALSE,FALSE,TRUE,car,$924.00 ,English,35
95,15228,18:02,5/4/2017,17:26,16:00,17:10,70,After,4,59.5,16,68,31,49,4,0,5228,Northampton,FALSE,TRUE,TRUE,car,"$1,980.00 ",English,35
307,18806,12:36,5/12/2017,11:43,11:00,10:55,-5,Before,5,210,48,66,40,53,5,0,8806,Plainfield,FALSE,TRUE,TRUE,car,"$1,150.00 ",English,36
90,11836,17:55,5/4/2017,17:19,16:00,17:12,72,After,1,24.5,7,68,31,49,4,0,1836,Northampton,FALSE,TRUE,TRUE,car,"$1,125.00 ",English,35
206,17851,18:17,5/9/2017,17:18,16:00,17:13,73,After,2,52,5,53,34,44,2,1,7851,Northampton,FALSE,FALSE,FALSE,car,"$2,069.00 ",English,34
177,18299,12:36,5/8/2017,11:43,11:00,11:15,15,After,2,93,28,52,41,46,1,0,8299,Northampton,FALSE,TRUE,TRUE,car,"$1,040.00 ",English,36
87,11158,18:25,5/4/2017,17:32,16:00,17:15,75,After,5,155,17,68,31,49,4,0,1158,Easthampton,FALSE,TRUE,TRUE,car,"$3,440.00 ",English,35
199,14989,18:23,5/9/2017,17:20,16:00,17:16,76,After,4,74.5,4,53,34,44,2,1,4989,Easthampton,FALSE,FALSE,TRUE,car,"$1,775.00 ",English,34
270,17298,17:59,5/11/2017,17:22,16:00,17:18,78,After,4,109.5,4,64,40,52,4,0,7298,Northampton,TRUE,FALSE,FALSE,car,"$2,200.00 ",English,30
7,16506,12:21,5/1/2017,11:43,11:00,11:08,8,After,1,47,35,62,45,52,1,0,6506,Northampton,FALSE,FALSE,TRUE,walk,$190.00 ,English,31
78,19376,12:15,5/3/2017,11:43,11:00,11:40,40,After,3,61,3,60,36,50,3,0,9376,Easthampton,FALSE,FALSE,TRUE,car,"$1,291.00 ",Morrrocan,26
129,13264,12:53,5/5/2017,11:42,11:00,11:15,15,After,5,153,27,51,45,48,5,1,3264,Goshen,FALSE,FALSE,TRUE,car,"$2,984.00 ",English,34
59,11136,12:10,5/3/2017,11:41,11:00,11:30,30,After,2,69.5,11,60,36,50,3,0,1136,Northampton,FALSE,TRUE,TRUE,car,$867.00 ,English,26
185,19908,12:28,5/8/2017,11:40,11:00,11:13,13,After,1,44,27,52,41,46,1,0,9908,Northampton,FALSE,FALSE,TRUE,car,$400.00 ,English,36
233,15377,12:21,5/10/2017,11:39,11:00,10:52,-8,Before,4,109,47,59,35,46,3,0,5377,Northampton,FALSE,FALSE,TRUE,car,"$1,700.00 ",Spanish,32
102,18026,18:08,5/4/2017,17:36,16:00,17:25,85,After,1,43.5,11,68,31,49,4,0,8026,Northampton,FALSE,TRUE,TRUE,walk,$991.00 ,English,35
123,11182,12:35,5/5/2017,11:38,11:00,11:05,5,After,1,37,33,51,45,48,5,1,1182,Northampton,FALSE,FALSE,FALSE,car,$194.00 ,Spanish,34
34,11936,18:10,5/2/2017,17:27,16:00,17:26,86,After,3,88.5,1,73,48,61,2,1,1936,Easthampton,TRUE,TRUE,TRUE,car,"$2,000.00 ",English,28
222,19930,18:24,5/9/2017,17:30,16:00,17:28,88,After,2,48.5,2,53,34,44,2,1,9930,Temp,FALSE,FALSE,FALSE,bus,"$1,224.00 ",English,34
171,17074,12:24,5/8/2017,11:38,11:00,10:50,-10,Before,3,106.5,48,52,41,46,1,0,7074,Northampton,FALSE,TRUE,FALSE,car,"$2,800.00 ",English,36
17,19445,12:16,5/1/2017,11:38,11:00,11:05,5,After,1,52.5,33,62,45,52,1,0,9445,Easthampton,FALSE,FALSE,TRUE,car,$150.00 ,English,31
16,19414,12:23,5/1/2017,11:37,11:00,10:55,-5,Before,3,92,42,62,45,52,1,0,9414,Northampton,FALSE,FALSE,TRUE,car,"$2,470.00 ",English,31
79,19580,12:12,5/3/2017,11:37,11:00,11:30,30,After,1,51.5,7,60,36,50,3,0,9580,Temp,FALSE,FALSE,TRUE,walk,$194.00 ,English,26
208,18581,18:26,5/9/2017,17:30,16:00,17:30,90,After,1,45,0,53,34,44,2,1,8581,Easthampton,FALSE,FALSE,TRUE,car,$198.00 ,English,34
219,19690,18:37,5/9/2017,17:42,16:00,17:30,90,After,3,42,12,53,34,44,2,1,9690,Northampton,FALSE,TRUE,TRUE,car,"$1,700.00 ",English,34
318,19967,12:21,5/12/2017,11:36,11:00,10:50,-10,Before,1,32.5,46,66,40,53,5,0,9967,Northampton,FALSE,FALSE,TRUE,car,"$1,350.00 ",English,36
241,19481,12:16,5/10/2017,11:36,11:00,10:50,-10,Before,4,87,46,59,35,46,3,0,9481,South Hadley,TRUE,TRUE,TRUE,car,"$2,844.00 ",English,32
112,19662,18:16,5/4/2017,17:39,16:00,17:30,90,After,1,40,9,68,31,49,4,0,9662,Northampton,FALSE,FALSE,TRUE,car,"$1,114.00 ",English,35
164,14050,12:27,5/8/2017,11:35,11:00,10:30,-30,Before,6,138,65,52,41,46,1,0,4050,Hadley,FALSE,FALSE,TRUE,car,"$1,866.00 ",English,36
243,19498,12:04,5/10/2017,11:34,11:00,10:30,-30,Before,2,71.5,64,59,35,46,3,0,9498,Easthampton,FALSE,FALSE,TRUE,car,$0.00 ,Tashalbite,32
158,11674,12:25,5/8/2017,11:33,11:00,10:30,-30,Before,5,156.5,63,52,41,46,1,0,1674,Hadley,FALSE,FALSE,TRUE,car,"$2,364.00 ",English,36
109,19239,18:20,5/4/2017,17:41,16:00,17:40,100,After,1,57.5,1,68,31,49,4,0,9239,Northampton,FALSE,FALSE,FALSE,car,$700.00 ,English,35
99,17403,18:26,5/4/2017,17:50,16:00,17:43,103,After,1,34,7,68,31,49,4,0,7403,Northampton,FALSE,FALSE,TRUE,car,"$1,282.00 ",English,35
1,11205,12:06,5/1/2017,11:33,11:00,10:54,-6,Before,2,55.5,39,62,45,52,1,0,1205,Northampton,FALSE,FALSE,TRUE,car,"$3,132.00 ",English,31
232,14693,12:03,5/10/2017,11:32,11:00,9:45,-75,Before,2,68,107,59,35,46,3,0,4693,Northampton,FALSE,FALSE,TRUE,car,$356.00 ,Spanish,32
159,12047,12:17,5/8/2017,11:31,11:00,10:10,-50,Before,2,103,81,52,41,46,1,0,2047,Northampton,FALSE,FALSE,TRUE,walk,$952.00 ,English,36
69,15909,11:56,5/3/2017,11:30,11:00,11:08,8,After,2,70,22,60,36,50,3,0,5909,Northampton,FALSE,TRUE,TRUE,car,$893.00 ,English,26
174,17411,12:10,5/8/2017,11:29,11:00,10:05,-55,Before,4,76.5,84,52,41,46,1,0,7411,Easthampton,FALSE,TRUE,TRUE,car,"$2,536.00 ",English,36
54,19926,18:09,5/2/2017,17:49,16:00,17:47,107,After,1,39.5,2,73,48,61,2,1,9926,Florence,FALSE,FALSE,FALSE,car,"$1,400.00 ",English,28
73,17906,12:20,5/3/2017,11:28,11:00,11:20,20,After,2,74,8,60,36,50,3,0,7906,Plainfield,FALSE,TRUE,TRUE,car,"$1,720.00 ",English,26
91,13042,18:34,5/4/2017,17:55,16:00,17:49,109,After,1,56.5,6,68,31,49,4,0,3042,Southampton,FALSE,FALSE,TRUE,car,"$1,374.00 ",English,35
52,19670,18:21,5/2/2017,17:50,16:00,17:50,110,After,2,75,0,73,48,61,2,1,9670,Northampton,FALSE,FALSE,FALSE,bus,"$1,400.00 ",English,28
122,11098,12:22,5/5/2017,11:26,11:00,11:05,5,After,1,62.5,21,51,45,48,5,1,1098,Northampton,FALSE,FALSE,TRUE,car,"$1,870.00 ",English,34
195,13987,18:42,5/9/2017,17:53,16:00,17:52,112,After,4,83.5,1,53,34,44,2,1,3987,Northampton,FALSE,FALSE,TRUE,car,"$2,180.00 ",Spanish,34
11,18200,12:08,5/1/2017,11:26,11:00,10:30,-30,Before,2,39.5,56,62,45,52,1,0,8200,Easthampton,FALSE,FALSE,TRUE,car,$877.00 ,English,31
66,15241,12:00,5/3/2017,11:26,11:00,11:10,10,After,1,51.5,16,60,36,50,3,0,5241,Northampton,FALSE,FALSE,TRUE,car,"$1,066.00 ",English,26
224,10976,11:52,5/10/2017,11:25,11:00,9:45,-75,Before,2,63.5,100,59,35,46,3,0,976,Northampton,FALSE,FALSE,TRUE,car,"$1,431.00 ",Spanish,32
147,19797,12:21,5/5/2017,11:23,11:00,10:55,-5,Before,3,103.5,28,51,45,48,5,1,9797,Huntington,FALSE,TRUE,TRUE,car,$511.00 ,English,34
67,15341,12:04,5/3/2017,11:23,11:00,11:07,7,After,5,64.5,16,60,36,50,3,0,5341,Northampton,FALSE,FALSE,TRUE,walk,"$1,860.00 ",Spanish,26
267,15924,18:44,5/11/2017,17:55,16:00,17:53,113,After,2,133,2,64,40,52,4,0,5924,Northampton,FALSE,FALSE,FALSE,car,"$1,400.00 ",English,30
278,19852,18:44,5/11/2017,18:06,16:00,17:54,114,After,2,152.5,12,64,40,52,4,0,9852,Northampton,FALSE,FALSE,TRUE,car,"$1,141.00 ",English,30
156,11261,11:59,5/8/2017,11:23,11:00,10:00,-60,Before,3,120.5,83,52,41,46,1,0,1261,Easthampton,FALSE,TRUE,TRUE,car,"$1,210.00 ",English,36
315,19824,12:09,5/12/2017,11:22,11:00,10:50,-10,Before,1,52,32,66,40,53,5,0,9824,Northampton,FALSE,FALSE,FALSE,car,"$1,230.00 ",English,36
57,19957,18:49,5/2/2017,18:02,16:00,17:55,115,After,3,195,7,73,48,61,2,1,9957,Northampton,FALSE,FALSE,FALSE,car,"$2,200.00 ",English,28
28,19946,12:01,5/1/2017,11:22,11:00,10:50,-10,Before,1,86,32,62,45,52,1,0,9946,Easthampton,FALSE,FALSE,TRUE,car,"$1,145.00 ",English,31
139,18863,12:10,5/5/2017,11:21,11:00,10:55,-5,Before,3,109.5,26,51,45,48,5,1,8863,Northampton,FALSE,FALSE,TRUE,car,$984.00 ,English,34
15,18904,11:57,5/1/2017,11:20,11:00,10:45,-15,Before,2,84,35,62,45,52,1,0,8904,Williamsburg,FALSE,FALSE,TRUE,car,"$1,600.00 ",English,31
43,15924,19:23,5/2/2017,18:49,16:00,18:00,120,After,2,133,49,73,48,61,2,1,5924,Northampton,FALSE,FALSE,FALSE,car,"$1,400.00 ",English,28
286,11246,11:56,5/12/2017,11:20,11:00,10:45,-15,Before,1,42,35,66,40,53,5,0,1246,Northampton,FALSE,FALSE,TRUE,walk,$975.00 ,English,36
76,18279,11:55,5/3/2017,11:20,11:00,11:05,5,After,2,59,15,60,36,50,3,0,8279,Northampton,FALSE,FALSE,FALSE,car,"$2,080.00 ",English,26
133,16391,12:09,5/5/2017,11:19,11:00,10:50,-10,Before,2,69,29,51,45,48,5,1,6391,Easthampton,FALSE,FALSE,TRUE,car,$746.00 ,Cambodian,34
89,11733,18:39,5/4/2017,18:07,16:00,18:07,127,After,1,38,0,68,31,49,4,0,1733,Hatfield,FALSE,FALSE,FALSE,car,"$1,541.00 ",English,35
80,19614,11:41,5/3/2017,11:18,11:00,11:00,0,Same,1,21.5,18,60,36,50,3,0,9614,Easthampton,FALSE,TRUE,TRUE,car,$0.00 ,English,26
26,19921,11:49,5/1/2017,11:17,11:00,10:45,-15,Before,3,66.5,32,62,45,52,1,0,9921,Northampton,FALSE,FALSE,TRUE,car,"$1,654.00 ",English,31
120,11003,11:59,5/5/2017,11:16,11:00,10:30,-30,Before,1,35,46,51,45,48,5,1,1003,Northampton,FALSE,FALSE,TRUE,car,$931.00 ,Spanish,34
136,18578,12:01,5/5/2017,11:14,11:00,10:30,-30,Before,4,129,44,51,45,48,5,1,8578,Northampton,TRUE,TRUE,TRUE,car,"$1,881.00 ",English,34
22,19766,11:59,5/1/2017,11:14,11:00,10:45,-15,Before,6,163.5,29,62,45,52,1,0,9766,Northampton,FALSE,FALSE,TRUE,car,"$1,531.00 ",English,31
42,15774,18:59,5/2/2017,18:46,16:00,18:10,130,After,5,140,36,73,48,61,2,1,5774,Northampton,FALSE,TRUE,TRUE,car,"$1,144.00 ",English,28
71,17530,11:52,5/3/2017,11:14,11:00,10:45,-15,Before,2,83.5,29,60,36,50,3,0,7530,Northampton,FALSE,TRUE,TRUE,car,$357.00 ,English,26
105,18428,18:48,5/4/2017,18:12,16:00,18:10,130,After,5,184.5,2,68,31,49,4,0,8428,Southampton,FALSE,TRUE,TRUE,car,"$1,521.00 ",English,35
251,19963,11:54,5/10/2017,11:13,11:00,9:45,-75,Before,3,85.5,88,59,35,46,3,0,9963,South Hadley,TRUE,FALSE,TRUE,car,$940.00 ,English,32
284,11219,11:48,5/12/2017,11:13,11:00,10:30,-30,Before,1,36.5,43,66,40,53,5,0,1219,Northampton,FALSE,FALSE,TRUE,walk,"$1,046.00 ",English,36
70,16337,11:45,5/3/2017,11:12,11:00,10:30,-30,Before,2,64,42,60,36,50,3,0,6337,Northampton,FALSE,TRUE,TRUE,car,"$1,060.00 ",English,26
269,16289,18:48,5/11/2017,18:13,16:00,18:12,132,After,2,57,1,64,40,52,4,0,6289,Easthampton,FALSE,FALSE,TRUE,car,"$1,622.00 ",English,30
163,13614,11:54,5/8/2017,11:11,11:00,10:00,-60,Before,3,109,71,52,41,46,1,0,3614,Easthampton,FALSE,TRUE,TRUE,car,$78.00 ,English,36
209,18686,18:52,5/9/2017,18:18,16:00,18:15,135,After,2,50.5,3,53,34,44,2,1,8686,Temp,FALSE,TRUE,TRUE,walk,"$1,619.00 ",English,34
213,19201,18:59,5/9/2017,18:21,16:00,18:15,135,After,1,52,6,53,34,44,2,1,9201,Northampton,FALSE,FALSE,TRUE,walk,$0.00 ,English,34
137,18743,11:37,5/5/2017,11:11,11:00,10:25,-35,Before,1,42.5,46,51,45,48,5,1,8743,Easthampton,FALSE,TRUE,TRUE,car,"$1,325.00 ",English,34
306,18702,11:47,5/12/2017,11:10,11:00,10:00,-60,Before,1,43.5,70,66,40,53,5,0,8702,Easthampton,FALSE,FALSE,TRUE,car,$194.00 ,English,36
239,19271,11:36,5/10/2017,11:10,11:00,9:40,-80,Before,1,45.5,90,59,35,46,3,0,9271,Northampton,FALSE,FALSE,TRUE,bus,"$1,169.00 ",English,32
10,18135,11:35,5/1/2017,11:10,11:00,10:30,-30,Before,1,36,40,62,45,52,1,0,8135,Easthampton,FALSE,FALSE,FALSE,car,"$1,351.00 ",English,31
277,19788,19:13,5/11/2017,18:16,16:00,18:16,136,After,6,196.5,0,64,40,52,4,0,9788,Northampton,TRUE,FALSE,TRUE,car,"$2,559.00 ",Spanish,30
134,17051,11:39,5/5/2017,11:09,11:00,10:20,-40,Before,1,52.5,49,51,45,48,5,1,7051,Northampton,FALSE,TRUE,TRUE,walk,"$1,140.00 ",English,34
75,18237,11:38,5/3/2017,11:09,11:00,10:20,-40,Before,1,78.5,49,60,36,50,3,0,8237,Hatfield,FALSE,TRUE,TRUE,car,"$2,017.00 ",English,26
14,18634,11:28,5/1/2017,11:08,11:00,10:00,-60,Before,1,57.5,68,62,45,52,1,0,8634,Northampton,FALSE,FALSE,TRUE,car,"$1,235.00 ",Spanish,31
168,16092,11:38,5/8/2017,11:07,11:00,9:30,-90,Before,2,58.5,97,52,41,46,1,0,6092,Northampton,FALSE,TRUE,FALSE,car,"$2,030.00 ",English,36
62,12847,11:36,5/3/2017,11:07,11:00,10:00,-60,Before,3,110.5,67,60,36,50,3,0,2847,Williamsburg,FALSE,TRUE,TRUE,car,"$2,378.00 ",English,26
41,14980,18:58,5/2/2017,18:22,16:00,18:21,141,After,1,67,1,73,48,61,2,1,4980,Chesterfield,FALSE,FALSE,TRUE,bike,$0.00 ,English,28
97,16644,18:46,5/4/2017,18:24,16:00,18:21,141,After,1,36.5,3,68,31,49,4,0,6644,Temp,FALSE,FALSE,TRUE,walk,$490.00 ,English,35
302,17226,11:35,5/12/2017,11:07,11:00,10:00,-60,Before,1,33,67,66,40,53,5,0,7226,Southampton,FALSE,FALSE,FALSE,car,"$1,750.00 ",English,36
72,17823,11:34,5/3/2017,11:07,11:00,10:00,-60,Before,1,62,67,60,36,50,3,0,7823,Northampton,FALSE,TRUE,TRUE,car,$962.00 ,English,26
140,18878,11:58,5/5/2017,11:06,11:00,10:17,-43,Before,6,190,49,51,45,48,5,1,8878,Northampton,FALSE,FALSE,TRUE,car,"$1,384.00 ",Spanish,34
202,16314,19:00,5/9/2017,18:34,16:00,18:26,146,After,1,39,8,53,34,44,2,1,6314,Northampton,FALSE,FALSE,TRUE,bus,$194.00 ,English,34
297,16570,11:31,5/12/2017,11:05,11:00,9:00,-120,Before,2,52.5,125,66,40,53,5,0,6570,Easthampton,FALSE,TRUE,FALSE,car,"$1,765.00 ",English,36
154,10292,11:29,5/8/2017,11:05,11:00,9:20,-100,Before,1,50,105,52,41,46,1,0,292,Northampton,FALSE,TRUE,FALSE,car,$800.00 ,Japanese,36
265,13221,19:37,5/11/2017,18:48,16:00,18:29,149,After,8,168.5,19,64,40,52,4,0,3221,Northampton,TRUE,TRUE,TRUE,car,"$2,047.00 ",English,30
266,13591,18:56,5/11/2017,18:32,16:00,18:29,149,After,3,121,3,64,40,52,4,0,3591,Northampton,FALSE,FALSE,TRUE,car,"$1,110.00 ",English,30
274,18439,19:25,5/11/2017,18:41,16:00,18:29,149,After,3,85.5,12,64,40,52,4,0,8439,Northampton,FALSE,TRUE,TRUE,car,"$1,144.00 ",English,30
280,19899,19:02,5/11/2017,18:35,16:00,18:29,149,After,1,76.5,6,64,40,52,4,0,9899,Northampton,FALSE,FALSE,TRUE,car,"$1,000.00 ",English,30
6,15896,11:24,5/1/2017,11:05,11:00,9:50,-70,Before,1,54.5,75,62,45,52,1,0,5896,Northampton,FALSE,FALSE,TRUE,bus,$912.00 ,English,31
121,11050,11:44,5/5/2017,11:04,11:00,10:15,-45,Before,7,210,49,51,45,48,5,1,1050,Northampton,FALSE,FALSE,TRUE,car,"$1,602.00 ",English,34
93,14623,19:04,5/4/2017,18:43,16:00,18:33,153,After,2,70.5,10,68,31,49,4,0,4623,Easthampton,FALSE,FALSE,TRUE,car,"$1,540.00 ",English,35
198,14751,19:15,5/9/2017,18:40,16:00,18:34,154,After,7,141.5,6,53,34,44,2,1,4751,Northampton,FALSE,TRUE,TRUE,car,"$3,381.00 ",English,34
12,18203,11:23,5/1/2017,11:04,11:00,9:40,-80,Before,4,91,84,62,45,52,1,0,8203,Northampton,FALSE,TRUE,TRUE,car,"$1,211.00 ",English,31
125,11233,11:36,5/5/2017,11:03,11:00,10:00,-60,Before,4,67.5,63,51,45,48,5,1,1233,Northampton,FALSE,TRUE,TRUE,car,"$2,252.00 ",English,34
36,12349,19:03,5/2/2017,18:39,16:00,18:36,156,After,1,29.5,3,73,48,61,2,1,2349,Northampton,FALSE,TRUE,TRUE,walk,"$1,300.00 ",English,28
250,19956,11:31,5/10/2017,11:03,11:00,9:30,-90,Before,3,140,93,59,35,46,3,0,9956,South Hadley,FALSE,TRUE,TRUE,car,"$1,367.00 ",English,32
65,13928,11:19,5/3/2017,11:03,11:00,10:00,-60,Before,1,44,63,60,36,50,3,0,3928,Northampton,FALSE,TRUE,TRUE,car,"$1,000.00 ",English,26
173,17281,11:26,5/8/2017,11:02,11:00,8:50,-130,Before,3,88.5,132,52,41,46,1,0,7281,Easthampton,FALSE,FALSE,TRUE,car,"$1,100.00 ",English,36
214,19331,19:22,5/9/2017,18:45,16:00,18:39,159,After,1,83,6,53,34,44,2,1,9331,Northampton,FALSE,FALSE,FALSE,car,$767.00 ,English,34
237,17821,11:34,5/10/2017,11:01,11:00,9:30,-90,Before,6,163,91,59,35,46,3,0,7821,South Hadley,FALSE,FALSE,TRUE,car,"$2,471.00 ",English,32
301,16875,11:33,5/12/2017,11:01,11:00,8:45,-135,Before,2,86,136,66,40,53,5,0,6875,Easthampton,FALSE,FALSE,FALSE,car,"$2,665.00 ",English,36
74,17955,11:18,5/3/2017,11:01,11:00,10:00,-60,Before,1,30,61,60,36,50,3,0,7955,Northampton,FALSE,FALSE,TRUE,bus,$824.00 ,English,26
37,12576,19:13,5/2/2017,18:45,16:00,18:42,162,After,1,25.5,3,73,48,61,2,1,2576,Northampton,FALSE,FALSE,TRUE,bike,$690.00 ,English,28
189,10024,19:24,5/9/2017,18:45,16:00,18:44,164,After,1,35.5,1,53,34,44,2,1,24,Northampton,FALSE,FALSE,TRUE,car,"$1,083.00 ",English,34
153,10227,11:21,5/8/2017,11:00,11:00,8:50,-130,Before,1,52,130,52,41,46,1,0,227,Northampton,FALSE,FALSE,TRUE,car,"$1,150.00 ",English,36
104,18301,19:14,5/4/2017,18:48,16:00,18:45,165,After,3,100,3,68,31,49,4,0,8301,Easthampton,FALSE,TRUE,TRUE,car,"$1,893.00 ",English,35
21,19751,11:19,5/1/2017,11:00,11:00,9:00,-120,Before,3,81,120,62,45,52,1,0,9751,Easthampton,FALSE,FALSE,TRUE,car,$511.00 ,English,31
84,10578,19:42,5/4/2017,18:54,16:00,18:54,174,After,3,113.5,0,68,31,49,4,0,578,Northampton,FALSE,TRUE,TRUE,car,"$1,140.00 ",English,35
63,13105,11:19,5/3/2017,11:00,11:00,9:35,-85,Before,1,19,85,60,36,50,3,0,3105,Northampton,FALSE,FALSE,TRUE,walk,$900.00 ,English,26
100,17703,19:36,5/4/2017,18:59,16:00,18:55,175,After,3,93.5,4,68,31,49,4,0,7703,Northampton,FALSE,FALSE,TRUE,car,"$3,045.00 ",English,35
77,18808,11:33,5/3/2017,10:59,11:00,8:55,-125,Before,1,44,124,60,36,50,3,0,8808,Northampton,FALSE,FALSE,TRUE,car,$989.00 ,English,26
