"","id","check_out_time","date","intake.time","household_size","pounds.of.food","max_temp","min_temp","avg_temp","weekday","rain","HH.ID..use.this.to.match.with.ages.and.receipt.of.food.stamps.on.other.sheets.","town....Temp..means.homeless.","WIC","Fuel.Assist","Masshealth","usual.transportation","monthly.household.income","language.spoken.at.home","num.of.people.that.day"
"1",10635,"13:56:00","4/3/17","12:33",2,61,62,26,44,1,0,635,"Southampton",FALSE,TRUE,TRUE,"car","$1,794.00 ","English",42
"2",11090,"14:13:00","4/3/17","13:26",1,42.5,62,26,44,1,0,1090,"Hatfield",FALSE,FALSE,TRUE,"car","$981.00 ","English",42
"3",11221,"13:43:00","4/3/17","12:27",1,37,62,26,44,1,0,1221,"Northampton",FALSE,TRUE,TRUE,"scooter","$890.00 ","English",42
"4",11439,"13:22:00","4/3/17","12:14",2,76.5,62,26,44,1,0,1439,"Northampton",FALSE,FALSE,TRUE,"car","$1,933.00 ","Spanish",42
"5",11593,"14:09:00","4/3/17","13:24",1,44.5,62,26,44,1,0,1593,"Easthampton",FALSE,TRUE,TRUE,"car","$1,251.00 ","English",42
"6",11633,"12:24:00","4/3/17","11:43",5,166.5,62,26,44,1,0,1633,"Hadley",FALSE,FALSE,TRUE,"car","$2,180.00 ","Spanish",42
"7",11780,"13:39:00","4/3/17","12:25",1,21.5,62,26,44,1,0,1780,"Northampton",FALSE,FALSE,TRUE,"walk","$910.00 ","English",42
"8",12165,"13:25:00","4/3/17","12:19",1,40,62,26,44,1,0,2165,"Northampton",FALSE,TRUE,TRUE,"car","$980.00 ","English",42
"9",12841,"13:02:00","4/3/17","11:53",1,42,62,26,44,1,0,2841,"Northampton",FALSE,FALSE,TRUE,"car","$863.00 ","English",42
"10",13985,"14:00:00","4/3/17","13:16",1,30.5,62,26,44,1,0,3985,"Easthampton",FALSE,FALSE,TRUE,"car","$955.00 ","English",42
"11",15801,"13:42:00","4/3/17","12:24",4,135,62,26,44,1,0,5801,"Southampton",FALSE,TRUE,TRUE,"car","$1,100.00 ","English",42
"12",16237,"12:16:00","4/3/17","11:32",2,82,62,26,44,1,0,6237,"Northampton",FALSE,FALSE,FALSE,"car","$2,120.00 ","English",42
"13",16243,"12:49:00","4/3/17","11:47",1,38,62,26,44,1,0,6243,"Easthampton",FALSE,TRUE,FALSE,"car","$1,050.00 ","English",42
"15",16862,"11:50:00","4/3/17","11:14",1,43.5,62,26,44,1,0,6862,"South Hadley",FALSE,FALSE,FALSE,"car","$1,725.00 ","English",42
"16",16869,"13:28:00","4/3/17","12:22",1,37.5,62,26,44,1,0,6869,"Northampton",FALSE,FALSE,TRUE,"walk","$1,382.00 ","English",42
"17",17323,"14:02:00","4/3/17","13:15",1,32.5,62,26,44,1,0,7323,"Hadley",FALSE,FALSE,FALSE,"car","$1,051.00 ","English",42
"18",17906,"12:36:00","4/3/17","11:44",2,79,62,26,44,1,0,7906,"Plainfield",FALSE,TRUE,TRUE,"car","$1,720.00 ","English",42
"19",17973,"13:18:00","4/3/17","12:13",4,73.5,62,26,44,1,0,7973,"Huntington",FALSE,FALSE,TRUE,"car","$883.00 ","English",42
"20",18135,"11:48:00","4/3/17","11:18",1,55,62,26,44,1,0,8135,"Easthampton",FALSE,FALSE,FALSE,"car","$1,351.00 ","English",42
"21",18237,"11:45:00","4/3/17","11:10",2,103,62,26,44,1,0,8237,"Hatfield",FALSE,TRUE,TRUE,"car","$2,017.00 ","English",42
"22",18536,"11:22:00","4/3/17","11:01",3,134,62,26,44,1,0,8536,"Northampton",FALSE,FALSE,FALSE,"car","$2,231.00 ","English",42
"23",18539,"13:14:00","4/3/17","12:17",2,84,62,26,44,1,0,8539,"Easthampton",FALSE,TRUE,TRUE,"car","$1,040.00 ","English",42
"24",18576,"14:39:00","4/3/17","14:25",4,97,62,26,44,1,0,8576,"Easthampton",FALSE,TRUE,TRUE,"car","$3,723.00 ","English",42
"26",18794,"14:19:00","4/3/17","13:32",1,39.5,62,26,44,1,0,8794,"Northampton",FALSE,FALSE,TRUE,"car","$946.00 ","English",42
"27",18800,"14:05:00","4/3/17","13:21",1,50.5,62,26,44,1,0,8800,"Northampton",FALSE,FALSE,FALSE,"car","$1,513.00 ","English",42
"28",18808,"11:35:00","4/3/17","11:03",1,41.5,62,26,44,1,0,8808,"Northampton",FALSE,FALSE,TRUE,"car","$989.00 ","English",42
"29",19229,"12:40:00","4/3/17","11:49",3,84.5,62,26,44,1,0,9229,"Northampton",FALSE,FALSE,TRUE,"car","$2,227.00 ","English",42
"30",19414,"14:04:00","4/3/17","12:58",3,92,62,26,44,1,0,9414,"Northampton",FALSE,FALSE,TRUE,"car","$2,470.00 ","English",42
"31",19481,"12:14:00","4/3/17","11:30",4,125.5,62,26,44,1,0,9481,"South Hadley",TRUE,TRUE,TRUE,"car","$2,844.00 ","English",42
"32",19614,"12:16:00","4/3/17","11:41",1,26.5,62,26,44,1,0,9614,"Easthampton",FALSE,TRUE,TRUE,"car","$0.00 ","English",42
"33",19752,"11:58:00","4/3/17","11:19",1,50,62,26,44,1,0,9752,"Temp",FALSE,FALSE,TRUE,"car","$1,884.00 ","English",42
"34",19760,"12:39:00","4/3/17","11:52",1,51,62,26,44,1,0,9760,"Northampton",FALSE,FALSE,TRUE,"car","$0.00 ","English",42
"35",19766,"13:20:00","4/3/17","12:11",6,70.5,62,26,44,1,0,9766,"Northampton",FALSE,FALSE,TRUE,"car","$1,531.00 ","English",42
"36",19884,"13:32:00","4/3/17","12:36",2,68,62,26,44,1,0,9884,"Northampton",FALSE,FALSE,TRUE,"car","$0.00 ","English",42
"37",19920,"12:04:00","4/3/17","11:22",1,71.5,62,26,44,1,0,9920,"Easthampton",FALSE,FALSE,FALSE,"car","$0.00 ","English",42
"38",19921,"13:12:00","4/3/17","11:57",3,91,62,26,44,1,0,9921,"Northampton",FALSE,FALSE,TRUE,"car","$1,654.00 ","English",42
"39",10776,"16:38:00","4/4/17","16:03",3,76,47,37,42,2,1,776,"Easthampton",FALSE,TRUE,TRUE,"car","$2,140.00 ","English",31
"40",11205,"18:23:00","4/4/17","17:40",2,62.5,47,37,42,2,1,1205,"Northampton",FALSE,FALSE,TRUE,"car","$3,132.00 ","English",31
"41",11540,"18:32:00","4/4/17","18:35",1,46,47,37,42,2,1,1540,"Easthampton",FALSE,FALSE,TRUE,"car","$944.00 ","English",31
"42",11647,"16:47:00","4/4/17","16:10",1,50.5,47,37,42,2,1,1647,"Northampton",FALSE,FALSE,FALSE,"bus","$1,330.00 ","English",31
"43",11691,"17:23:00","4/4/17","16:28",2,98.5,47,37,42,2,1,1691,"Easthampton",FALSE,FALSE,TRUE,"car","$2,135.00 ","English",31
"44",11894,"18:47:00","4/4/17","18:27",4,92,47,37,42,2,1,1894,"Northampton",TRUE,TRUE,TRUE,"car","$1,170.00 ","English",31
"46",11936,"17:42:00","4/4/17","16:42",3,76,47,37,42,2,1,1936,"Easthampton",TRUE,TRUE,TRUE,"car","$2,000.00 ","English",31
"47",12646,"19:19:00","4/4/17","18:52",6,122,47,37,42,2,1,2646,"Northampton",FALSE,FALSE,TRUE,"car","$3,300.00 ","English",31
"48",13692,"16:49:00","4/4/17","16:06",1,27,47,37,42,2,1,3692,"Northampton",FALSE,FALSE,TRUE,"car","$1,001.00 ","English",31
"49",14111,"17:46:00","4/4/17","16:37",4,123,47,37,42,2,1,4111,"Northampton",FALSE,FALSE,TRUE,"car","$1,450.00 ","English",31
"50",14980,"17:52:00","4/4/17","17:21",1,57.5,47,37,42,2,1,4980,"Chesterfield",FALSE,FALSE,TRUE,"bike","$0.00 ","English",31
"51",16267,"17:54:00","4/4/17","16:46",3,86.5,47,37,42,2,1,6267,"Easthampton",FALSE,FALSE,TRUE,"car","$1,615.00 ","English",31
"52",16406,"17:21:00","4/4/17","16:25",1,36.5,47,37,42,2,1,6406,"Chesterfield",FALSE,TRUE,TRUE,"car","$1,985.00 ","English",31
"53",16490,"18:33:00","4/4/17","18:03",2,87.5,47,37,42,2,1,6490,"Northampton",FALSE,FALSE,TRUE,"car","$1,394.00 ","English",31
"54",16941,"17:45:00","4/4/17","17:10",1,58,47,37,42,2,1,6941,"Northampton",FALSE,FALSE,TRUE,"car","$1,716.00 ","English",31
"56",17557,"16:24:00","4/4/17","16:01",1,36,47,37,42,2,1,7557,"Northampton",FALSE,TRUE,FALSE,"car","$1,495.00 ","English",31
"57",18664,"18:12:00","4/4/17","17:27",1,31,47,37,42,2,1,8664,"Northampton",FALSE,FALSE,TRUE,"car","$1,113.00 ","English",31
"58",18727,"17:01:00","4/4/17","16:14",2,63.5,47,37,42,2,1,8727,"Northampton",FALSE,TRUE,TRUE,"car","$700.00 ","English",31
"59",18834,"17:03:00","4/4/17","16:20",2,80,47,37,42,2,1,8834,"Easthampton",FALSE,TRUE,TRUE,"car","$1,380.00 ","English",31
"60",19186,"18:07:00","4/4/17","17:33",1,46.5,47,37,42,2,1,9186,"Northampton",FALSE,TRUE,FALSE,"car","$0.00 ","English",31
"61",19235,"17:22:00","4/4/17","16:34",1,47.5,47,37,42,2,1,9235,"Temp",FALSE,FALSE,TRUE,"bus","$828.00 ","English",31
"62",19236,"17:24:00","4/4/17","16:31",3,79.5,47,37,42,2,1,9236,"Northampton",FALSE,FALSE,TRUE,"car","$1,105.00 ","English",31
"63",19445,"16:53:00","4/4/17","16:18",1,55.5,47,37,42,2,1,9445,"Easthampton",FALSE,FALSE,TRUE,"car","$150.00 ","English",31
"64",19670,"19:02:00","4/4/17","18:31",2,100,47,37,42,2,1,9670,"Northampton",FALSE,FALSE,FALSE,"bus","$1,400.00 ","English",31
"65",19677,"18:04:00","4/4/17","17:31",1,56,47,37,42,2,1,9677,"Northampton",FALSE,FALSE,TRUE,"car","$500.00 ","English",31
"66",19750,"18:08:00","4/4/17","17:22",1,45,47,37,42,2,1,9750,"Cummington",FALSE,FALSE,TRUE,"car","$1,000.00 ","English",31
"67",19783,"16:41:00","4/4/17","16:08",3,90.5,47,37,42,2,1,9783,"Easthampton",FALSE,FALSE,TRUE,"car","$3,047.00 ","English",31
"68",19910,"17:06:00","4/4/17","16:22",4,97.5,47,37,42,2,1,9910,"Easthampton",FALSE,FALSE,FALSE,"car","$2,499.00 ","English",31
"70",10190,"12:14:00","4/5/17","11:23",5,167.5,53,37,45,3,1,190,"Northampton",FALSE,FALSE,FALSE,"car","$1,123.00 ","English",43
"71",11003,"12:45:00","4/5/17","11:48",1,53,53,37,45,3,1,1003,"Northampton",FALSE,FALSE,TRUE,"car","$931.00 ","Spanish",43
"72",11434,"11:14:00","4/5/17","11:00",1,43.5,53,37,45,3,1,1434,"Northampton",FALSE,FALSE,TRUE,"car","$899.00 ","English",43
"73",11442,"13:56:00","4/5/17","12:54",2,84,53,37,45,3,1,1442,"Goshen",FALSE,TRUE,TRUE,"car","$1,595.00 ","English",43
"75",11916,"14:10:00","4/5/17","12:57",2,114.5,53,37,45,3,1,1916,"Northampton",FALSE,TRUE,TRUE,"car","$1,591.49 ","English",43
"76",11947,"12:57:00","4/5/17","11:55",2,77.5,53,37,45,3,1,1947,"Northampton",FALSE,TRUE,TRUE,"walk","$1,277.00 ","English",43
"77",11998,"13:28:00","4/5/17","12:20",1,66,53,37,45,3,1,1998,"Northampton",FALSE,FALSE,FALSE,"car","$1,120.00 ","English",43
"78",13264,"13:04:00","4/5/17","11:58",5,131.5,53,37,45,3,1,3264,"Goshen",FALSE,FALSE,TRUE,"car","$2,984.00 ","English",43
"79",13371,"14:01:00","4/5/17","13:06",1,31.5,53,37,45,3,1,3371,"Northampton",FALSE,FALSE,TRUE,"walk","$0.00 ","English",43
"80",13703,"12:28:00","4/5/17","11:43",1,70.5,53,37,45,3,1,3703,"Southampton",FALSE,FALSE,TRUE,"car","$1,123.00 ","English",43
"81",15579,"13:40:00","4/5/17","12:24",2,76.5,53,37,45,3,1,5579,"Hatfield",FALSE,FALSE,TRUE,"car","$1,890.00 ","English",43
"82",15864,"13:29:00","4/5/17","12:21",1,45,53,37,45,3,1,5864,"Northampton",FALSE,FALSE,TRUE,"car","$998.00 ","English",43
"83",15909,"13:47:00","4/5/17","12:49",2,51.5,53,37,45,3,1,5909,"Northampton",FALSE,TRUE,TRUE,"car","$893.00 ","English",43
"84",16057,"11:47:00","4/5/17","11:13",5,106.5,53,37,45,3,1,6057,"Northampton",FALSE,FALSE,TRUE,"walk","$2,200.00 ","Spanish",43
"86",16317,"11:16:00","4/5/17","11:01",1,34.5,53,37,45,3,1,6317,"Northampton",FALSE,FALSE,FALSE,"car","$1,585.00 ","English",43
"87",16337,"14:21:00","4/5/17","13:46",2,79.5,53,37,45,3,1,6337,"Northampton",FALSE,TRUE,TRUE,"car","$1,060.00 ","English",43
"88",16387,"13:48:00","4/5/17","12:53",1,51,53,37,45,3,1,6387,"Easthampton",FALSE,FALSE,TRUE,"car","$550.00 ","English",43
"89",16414,"14:14:00","4/5/17","13:35",2,79,53,37,45,3,1,6414,"South Hadley",FALSE,TRUE,TRUE,"car","$1,643.00 ","English",43
"90",17821,"11:34:00","4/5/17","11:03",6,146.5,53,37,45,3,1,7821,"South Hadley",FALSE,FALSE,TRUE,"car","$2,471.00 ","English",43
"91",18291,"13:51:00","4/5/17","12:40",5,153,53,37,45,3,1,8291,"Northampton",FALSE,FALSE,TRUE,"car","$2,573.00 ","Spanish",43
"92",18622,"11:52:00","4/5/17","11:17",1,37,53,37,45,3,1,8622,"Hatfield",FALSE,FALSE,TRUE,"car","$194.00 ","English",43
"93",19152,"12:33:00","4/5/17","11:46",1,54,53,37,45,3,1,9152,"Northampton",FALSE,FALSE,TRUE,"walk","$500.00 ","English",43
"94",19512,"13:17:00","4/5/17","12:28",1,25.5,53,37,45,3,1,9512,"Northampton",FALSE,FALSE,TRUE,"car","$600.00 ","English",43
"95",19632,"12:26:00","4/5/17","11:42",1,37,53,37,45,3,1,9632,"Southampton",FALSE,FALSE,TRUE,"car","$921.00 ","English",43
"96",19643,"13:07:00","4/5/17","12:00",3,99.5,53,37,45,3,1,9643,"Hatfield",FALSE,FALSE,TRUE,"car","$1,300.00 ","English",43
"97",19805,"13:18:00","4/5/17","12:11",3,81.5,53,37,45,3,1,9805,"Northampton",FALSE,FALSE,TRUE,"walk","$1,300.00 ","Spanish",43
"98",19846,"13:17:00","4/5/17","12:13",1,31.5,53,37,45,3,1,9846,"Temp",FALSE,FALSE,TRUE,"walk","$190.00 ","English",43
"99",19876,"13:15:00","4/5/17","12:09",4,98,53,37,45,3,1,9876,"Northampton",FALSE,FALSE,TRUE,"car","$1,569.00 ","Spanish",43
"100",19909,"14:06:00","4/5/17","13:01",1,46,53,37,45,3,1,9909,"Northampton",FALSE,FALSE,TRUE,"car","$1,150.00 ","English",43
"101",19911,"12:37:00","4/5/17","11:52",3,86,53,37,45,3,1,9911,"Easthampton",FALSE,FALSE,TRUE,"car","$983.00 ","English",43
"102",19922,"11:33:00","4/5/17","11:07",1,74,53,37,45,3,1,9922,"Temp",FALSE,FALSE,TRUE,"car","$37.00 ","English",43
"103",19923,"12:22:00","4/5/17","11:26",5,166,53,37,45,3,1,9923,"Easthampton",FALSE,FALSE,FALSE,"car","$194.00 ","English",43
"104",11158,"18:22:00","4/6/17","17:12",5,138.5,42,37,39,4,1,1158,"Easthampton",FALSE,TRUE,TRUE,"car","$3,440.00 ","English",36
"105",11330,"18:48:00","4/6/17","18:10",5,172.5,42,37,39,4,1,1330,"Easthampton",FALSE,TRUE,TRUE,"car","$3,265.00 ","English",36
"106",11381,"17:22:00","4/6/17","17:08",1,64,42,37,39,4,1,1381,"Northampton",FALSE,FALSE,TRUE,"car","$988.00 ","English",36
"107",11733,"19:02:00","4/6/17","18:37",1,45.5,42,37,39,4,1,1733,"Hatfield",FALSE,FALSE,FALSE,"car","$1,541.00 ","English",36
"109",14509,"17:48:00","4/6/17","17:09",3,76,42,37,39,4,1,4509,"Northampton",FALSE,FALSE,TRUE,"car","$2,500.00 ","English",36
"110",14565,"17:59:00","4/6/17","17:20",1,42,42,37,39,4,1,4565,"Northampton",FALSE,FALSE,TRUE,"car","$1,301.00 ","Chinese",36
"111",15298,"17:16:00","4/6/17","16:44",4,105,42,37,39,4,1,5298,"Northampton",TRUE,FALSE,TRUE,"car","$2,750.00 ","Spanish",36
"112",15336,"16:52:00","4/6/17","16:28",3,89,42,37,39,4,1,5336,"Northampton",FALSE,FALSE,TRUE,"car","$2,231.00 ","English",36
"113",16908,"18:37:00","4/6/17","17:58",1,60,42,37,39,4,1,6908,"Northampton",FALSE,FALSE,FALSE,"car","$877.00 ","English",36
"114",17269,"16:36:00","4/6/17","16:03",4,114.5,42,37,39,4,1,7269,"Northampton",TRUE,FALSE,TRUE,"car","$2,057.00 ","Spanish",36
"115",17664,"17:10:00","4/6/17","16:52",1,17.5,42,37,39,4,1,7664,"Northampton",FALSE,TRUE,TRUE,"car","$1,265.00 ","English",36
"116",18315,"18:32:00","4/6/17","17:37",4,120,42,37,39,4,1,8315,"Easthampton",FALSE,FALSE,FALSE,"car","$1,800.00 ","English",36
"117",18429,"17:12:00","4/6/17","16:31",5,98,42,37,39,4,1,8429,"Easthampton",FALSE,TRUE,TRUE,"car","$3,960.00 ","English",36
"118",18581,"18:47:00","4/6/17","18:19",1,37.5,42,37,39,4,1,8581,"Easthampton",FALSE,FALSE,TRUE,"car","$198.00 ","English",36
"119",18666,"18:12:00","4/6/17","17:21",2,63,42,37,39,4,1,8666,"Easthampton",FALSE,FALSE,FALSE,"car","$1,200.00 ","Arabic",36
"120",18810,"17:42:00","4/6/17","17:08",1,58,42,37,39,4,1,8810,"Northampton",FALSE,FALSE,TRUE,"walk","$487.00 ","English",36
"121",18826,"16:19:00","4/6/17","16:00",1,46.5,42,37,39,4,1,8826,"Northampton",FALSE,FALSE,TRUE,"car","$929.00 ","English",36
"122",18940,"17:37:00","4/6/17","16:58",7,175.5,42,37,39,4,1,8940,"Easthampton",TRUE,TRUE,TRUE,"car","$4,212.00 ","English",36
"123",18979,"18:13:00","4/6/17","17:24",3,62,42,37,39,4,1,8979,"Easthampton",FALSE,FALSE,TRUE,"car","$1,000.00 ","Arabic",36
"124",19369,"16:32:00","4/6/17","16:07",1,21.5,42,37,39,4,1,9369,"Easthampton",FALSE,TRUE,FALSE,"car","$794.00 ","English",36
"125",19540,"17:33:00","4/6/17","16:55",5,138.5,42,37,39,4,1,9540,"Easthampton",TRUE,FALSE,TRUE,"car","$3,100.00 ","English",36
"126",19543,"17:00:00","4/6/17","16:16",3,99.5,42,37,39,4,1,9543,"Easthampton",FALSE,FALSE,TRUE,"car","$3,093.00 ","English",36
"127",19678,"19:10:00","4/6/17","18:53",1,47.5,42,37,39,4,1,9678,"Northampton",FALSE,FALSE,TRUE,"car","$1,600.00 ","English",36
"128",19687,"16:46:00","4/6/17","16:14",1,47.5,42,37,39,4,1,9687,"Northampton",FALSE,FALSE,FALSE,"car","$0.00 ","English",36
"129",19758,"16:37:00","4/6/17","16:10",2,101.5,42,37,39,4,1,9758,"Temp",FALSE,FALSE,TRUE,"walk","$0.00 ","English",36
"130",19788,"17:52:00","4/6/17","17:01",6,194,42,37,39,4,1,9788,"Northampton",TRUE,FALSE,TRUE,"car","$2,559.00 ","Spanish",36
"131",19860,"18:03:00","4/6/17","17:17",3,79,42,37,39,4,1,9860,"Easthampton",FALSE,FALSE,TRUE,"car","$1,741.00 ","English",36
"132",19901,"18:16:00","4/6/17","17:27",1,31.5,42,37,39,4,1,9901,"Northampton",FALSE,FALSE,FALSE,"bus","$894.00 ","English",36
"133",19914,"17:47:00","4/6/17","17:23",2,33,42,37,39,4,1,9914,"Temp",FALSE,FALSE,TRUE,"car","$0.00 ","English",36
"134",19917,"18:48:00","4/6/17","18:21",1,24,42,37,39,4,1,9917,"Northampton",FALSE,TRUE,TRUE,"car","$192.00 ","English",36
"135",19924,"17:03:00","4/6/17","16:22",1,59.5,42,37,39,4,1,9924,"Temp",FALSE,FALSE,TRUE,"car","$197.00 ","English",36
"136",10611,"11:46:00","4/7/17","11:11",4,129.5,49,38,44,5,0,611,"Northampton",FALSE,TRUE,TRUE,"car","$2,600.00 ","English",32
"137",11046,"13:25:00","4/7/17","12:37",6,151.5,49,38,44,5,0,1046,"Chesterfield",FALSE,TRUE,TRUE,"car","$2,835.00 ","English",32
"138",11050,"12:45:00","4/7/17","11:47",7,154.5,49,38,44,5,0,1050,"Northampton",FALSE,FALSE,TRUE,"car","$1,602.00 ","English",32
"139",11136,"11:44:00","4/7/17","11:12",2,69.5,49,38,44,5,0,1136,"Northampton",FALSE,TRUE,TRUE,"car","$867.00 ","English",32
"140",11366,"12:01:00","4/7/17","11:16",2,50.5,49,38,44,5,0,1366,"Northampton",FALSE,FALSE,TRUE,"bus","$1,811.00 ","English",32
"141",11412,"12:56:00","4/7/17","12:16",1,27,49,38,44,5,0,1412,"Northampton",FALSE,FALSE,TRUE,"car","$794.00 ","English",32
"142",11513,"13:26:00","4/7/17","12:42",2,99.5,49,38,44,5,0,1513,"Northampton",FALSE,FALSE,TRUE,"car","$1,723.00 ","Spanish",32
"143",11565,"11:22:00","4/7/17","11:01",1,60,49,38,44,5,0,1565,"Northampton",FALSE,FALSE,TRUE,"walk","$937.00 ","English",32
"144",13250,"12:08:00","4/7/17","11:24",1,46,49,38,44,5,0,3250,"Easthampton",FALSE,FALSE,TRUE,"car","$733.00 ","English",32
"145",13816,"14:23:00","4/7/17","13:38",1,91,49,38,44,5,0,3816,"Easthampton",FALSE,TRUE,TRUE,"car","$1,226.00 ","English",32
"146",14208,"13:43:00","4/7/17","12:55",5,122,49,38,44,5,0,4208,"South Hadley",TRUE,TRUE,TRUE,"car","$1,800.00 ","Spanish",32
"147",15086,"14:12:00","4/7/17","13:23",1,64.5,49,38,44,5,0,5086,"Easthampton",FALSE,FALSE,FALSE,"car","$1,420.00 ","English",32
"148",15269,"14:08:00","4/7/17","13:15",1,99,49,38,44,5,0,5269,"Northampton",FALSE,TRUE,TRUE,"walk","$1,887.00 ","English",32
"149",15896,"11:26:00","4/7/17","11:05",1,25.5,49,38,44,5,0,5896,"Northampton",FALSE,FALSE,TRUE,"bus","$912.00 ","English",32
"150",16391,"12:29:00","4/7/17","11:31",2,91,49,38,44,5,0,6391,"Easthampton",FALSE,FALSE,TRUE,"car","$746.00 ","Cambodian",32
"151",17391,"14:02:00","4/7/17","13:20",1,69,49,38,44,5,0,7391,"Easthampton",FALSE,TRUE,FALSE,"car","$2,356.00 ","English",32
"152",17411,"11:40:00","4/7/17","11:04",4,100,49,38,44,5,0,7411,"Easthampton",FALSE,TRUE,TRUE,"car","$2,536.00 ","English",32
"153",18428,"12:57:00","4/7/17","11:58",5,179.5,49,38,44,5,0,8428,"Southampton",FALSE,TRUE,TRUE,"car","$1,521.00 ","English",32
"154",18446,"12:12:00","4/7/17","11:27",1,42.5,49,38,44,5,0,8446,"Easthampton",FALSE,TRUE,TRUE,"car","$1,700.00 ","English",32
"155",18743,"11:47:00","4/7/17","11:15",1,52,49,38,44,5,0,8743,"Easthampton",FALSE,TRUE,TRUE,"car","$1,325.00 ","English",32
"156",19702,"12:27:00","4/7/17","11:40",2,83,49,38,44,5,0,9702,"Huntington",FALSE,TRUE,TRUE,"car","$927.00 ","Spanish",32
"157",19721,"13:39:00","4/7/17","13:00",1,38,49,38,44,5,0,9721,"Northampton",FALSE,FALSE,TRUE,"car","$784.00 ","English",32
"158",19755,"13:47:00","4/7/17","13:04",1,75.5,49,38,44,5,0,9755,"Northampton",FALSE,FALSE,FALSE,"car","$840.00 ","English",32
"159",19757,"13:48:00","4/7/17","13:08",1,46.5,49,38,44,5,0,9757,"Northampton",FALSE,FALSE,FALSE,"car","$1,261.00 ","English",32
"160",19816,"12:31:00","4/7/17","11:43",2,83,49,38,44,5,0,9816,"Huntington",FALSE,FALSE,FALSE,"car","$1,086.00 ","Spanish",32
"161",19824,"12:07:00","4/7/17","11:21",1,33,49,38,44,5,0,9824,"Northampton",FALSE,FALSE,FALSE,"car","$1,230.00 ","English",32
"162",19841,"13:42:00","4/7/17","12:45",6,232.5,49,38,44,5,0,9841,"Northampton",FALSE,FALSE,TRUE,"car","$197.00 ","English",32
"163",19878,"12:46:00","4/7/17","12:02",1,36.5,49,38,44,5,0,9878,"Easthampton",FALSE,FALSE,TRUE,"car","$974.00 ","English",32
"164",19925,"13:07:00","4/7/17","12:29",1,54.5,49,38,44,5,0,9925,"Easthampton",FALSE,FALSE,FALSE,"car","$1,679.00 ","English",32
"165",10177,"12:28:00","4/10/17","11:54",1,65.5,79,35,57,1,0,177,"Northampton",FALSE,TRUE,TRUE,"car","$0.00 ","English",27
"166",10227,"11:20:00","4/10/17","11:01",1,52.5,79,35,57,1,0,227,"Northampton",FALSE,FALSE,TRUE,"car","$1,150.00 ","English",27
"167",10423,"12:51:00","4/10/17","12:24",1,49.5,79,35,57,1,0,423,"Northampton",FALSE,FALSE,TRUE,"car","$999.39 ","English",27
"168",11490,"12:08:00","4/10/17","11:33",1,43.5,79,35,57,1,0,1490,"Northampton",FALSE,FALSE,TRUE,"car","$1,003.00 ","Spanish",27
"169",11530,"13:08:00","4/10/17","12:07",5,111,79,35,57,1,0,1530,"Hatfield",FALSE,TRUE,TRUE,"car","$2,191.00 ","English",27
"170",11710,"13:39:00","4/10/17","13:26",1,31.5,79,35,57,1,0,1710,"Northampton",FALSE,FALSE,TRUE,"bus","$1,008.00 ","English",27
"171",11711,"12:16:00","4/10/17","11:34",1,34,79,35,57,1,0,1711,"Northampton",FALSE,FALSE,TRUE,"car","$1,000.00 ","Spanish",27
"172",13778,"12:04:00","4/10/17","11:11",6,220.5,79,35,57,1,0,3778,"Northampton",FALSE,FALSE,TRUE,"car","$1,030.00 ","English",27
"173",14044,"11:33:00","4/10/17","11:06",2,64.5,79,35,57,1,0,4044,"Northampton",FALSE,FALSE,TRUE,"walk","$1,451.00 ","English",27
"174",14241,"12:37:00","4/10/17","12:00",3,109.5,79,35,57,1,0,4241,"Easthampton",FALSE,FALSE,TRUE,"car","$2,160.00 ","English",27
"175",15139,"12:20:00","4/10/17","11:36",1,59.5,79,35,57,1,0,5139,"Northampton",FALSE,TRUE,TRUE,"car","$876.00 ","English",27
"176",16092,"11:32:00","4/10/17","11:04",2,77.5,79,35,57,1,0,6092,"Northampton",FALSE,TRUE,FALSE,"car","$2,030.00 ","English",27
"178",17255,"12:43:00","4/10/17","12:18",1,64.5,79,35,57,1,0,7255,"Northampton",FALSE,FALSE,TRUE,"car","$1,343.00 ","English",27
"179",17281,"11:26:00","4/10/17","11:03",3,103,79,35,57,1,0,7281,"Easthampton",FALSE,FALSE,TRUE,"car","$1,100.00 ","English",27
"180",18176,"13:07:00","4/10/17","12:28",2,43,79,35,57,1,0,8176,"Williamsburg",FALSE,FALSE,TRUE,"car","$796.00 ","English",27
"182",18642,"11:51:00","4/10/17","11:09",4,126,79,35,57,1,0,8642,"Easthampton",FALSE,TRUE,TRUE,"car","$2,305.00 ","English",27
"183",19580,"13:23:00","4/10/17","12:59",1,20.5,79,35,57,1,0,9580,"Temp",FALSE,FALSE,TRUE,"walk","$194.00 ","English",27
"184",19747,"11:57:00","4/10/17","11:12",2,92,79,35,57,1,0,9747,"Northampton",FALSE,TRUE,FALSE,"car","$2,246.00 ","English",27
"185",19839,"13:48:00","4/10/17","13:04",1,26.5,79,35,57,1,0,9839,"Northampton",FALSE,FALSE,TRUE,"bus","$190.00 ","English",27
"186",19926,"13:22:00","4/10/17","12:52",1,44.5,79,35,57,1,0,9926,"Florence",FALSE,FALSE,FALSE,"car","$1,400.00 ","English",27
"187",19927,"14:12:00","4/10/17","13:15",3,103,79,35,57,1,0,9927,"Easthampton",FALSE,FALSE,TRUE,"car","$1,420.00 ","English",27
"189",10062,"16:45:00","4/11/17","16:17",2,66.5,88,43,65,2,0,62,"Northampton",FALSE,FALSE,FALSE,"bus","$1,398.00 ","English",46
"190",10961,"19:19:00","4/11/17","18:31",1,45,88,43,65,2,0,961,"Easthampton",FALSE,FALSE,TRUE,"car","$944.00 ","English",46
"191",11130,"19:33:00","4/11/17","18:32",2,87,88,43,65,2,0,1130,"Easthampton",FALSE,TRUE,TRUE,"car","$1,335.00 ","English",46
"192",11462,"19:28:00","4/11/17","18:39",1,31.5,88,43,65,2,0,1462,"Northampton",FALSE,TRUE,TRUE,"walk","$820.00 ","English",46
"193",11925,"19:25:00","4/11/17","18:30",2,78.5,88,43,65,2,0,1925,"Northampton",FALSE,FALSE,TRUE,"car","$1,798.00 ","Spanish",46
"194",12470,"16:41:00","4/11/17","16:11",3,91,88,43,65,2,0,2470,"Easthampton",FALSE,TRUE,TRUE,"car","$3,142.00 ","English",46
"195",12657,"16:35:00","4/11/17","16:12",1,41,88,43,65,2,0,2657,"Northampton",FALSE,TRUE,TRUE,"walk","$1,034.00 ","English",46
"196",13105,"16:20:00","4/11/17","16:12",1,54.5,88,43,65,2,0,3105,"Northampton",FALSE,FALSE,TRUE,"walk","$900.00 ","English",46
"197",14614,"18:13:00","4/11/17","17:26",3,96,88,43,65,2,0,4614,"Northampton",FALSE,FALSE,TRUE,"car","$3,665.00 ","English",46
"198",15244,"17:57:00","4/11/17","17:18",4,122.5,88,43,65,2,0,5244,"Northampton",FALSE,FALSE,TRUE,"car","$1,933.00 ","Spanish",46
"201",15872,"17:51:00","4/11/17","17:10",1,56.5,88,43,65,2,0,5872,"Plainfield",FALSE,TRUE,TRUE,"car","$1,058.00 ","English",46
"202",16089,"19:14:00","4/11/17","18:26",1,172.5,88,43,65,2,0,6089,"Easthampton",FALSE,FALSE,FALSE,"car","$1,658.00 ","English",46
"203",16260,"18:08:00","4/11/17","17:20",3,116.5,88,43,65,2,0,6260,"Southampton",FALSE,FALSE,FALSE,"car","$3,300.00 ","English",46
"204",17764,"18:35:00","4/11/17","17:44",2,56.5,88,43,65,2,0,7764,"Northampton",FALSE,FALSE,TRUE,"car","$1,783.00 ","Cambodian",46
"205",17852,"16:34:00","4/11/17","16:08",1,46.5,88,43,65,2,0,7852,"Northampton",FALSE,FALSE,TRUE,"walk","$923.00 ","English",46
"206",17878,"18:37:00","4/11/17","17:47",1,63,88,43,65,2,0,7878,"Temp",FALSE,FALSE,FALSE,"car","$900.00 ","English",46
"207",17956,"17:47:00","4/11/17","16:56",9,185.5,88,43,65,2,0,7956,"Northampton",FALSE,FALSE,TRUE,"car","$2,486.00 ","Spanish",46
"208",18011,"17:44:00","4/11/17","16:59",1,56.5,88,43,65,2,0,8011,"Northampton",FALSE,FALSE,TRUE,"walk","$889.00 ","English",46
"209",18026,"19:07:00","4/11/17","18:07",1,45.5,88,43,65,2,0,8026,"Northampton",FALSE,TRUE,TRUE,"walk","$991.00 ","English",46
"210",18863,"16:59:00","4/11/17","16:26",3,101,88,43,65,2,0,8863,"Northampton",FALSE,FALSE,TRUE,"car","$984.00 ","English",46
"211",19191,"18:57:00","4/11/17","18:03",1,77,88,43,65,2,0,9191,"Other - Nutting Lake",FALSE,FALSE,TRUE,"car","$850.00 ","English",46
"212",19226,"17:49:00","4/11/17","17:12",1,66.5,88,43,65,2,0,9226,"Northampton",FALSE,FALSE,FALSE,"car","$0.00 ","English",46
"213",19256,"19:18:00","4/11/17","18:24",5,123,88,43,65,2,0,9256,"Northampton",FALSE,FALSE,TRUE,"car","$2,080.00 ","Portugese",46
"214",19294,"17:23:00","4/11/17","16:43",1,39,88,43,65,2,0,9294,"Northampton",FALSE,TRUE,TRUE,"walk","$1,300.00 ","English",46
"215",19307,"18:20:00","4/11/17","17:33",2,55,88,43,65,2,0,9307,"Temp",FALSE,FALSE,FALSE,"walk","$0.00 ","Creole",46
"216",19404,"18:09:00","4/11/17","17:31",1,32.5,88,43,65,2,0,9404,"Northampton",FALSE,FALSE,TRUE,"walk","$1,020.00 ","Cambodian",46
"217",19465,"16:21:00","4/11/17","16:04",1,55,88,43,65,2,0,9465,"Northampton",FALSE,FALSE,TRUE,"car","$855.00 ","Spanish",46
"218",19466,"16:24:00","4/11/17","16:04",1,74.5,88,43,65,2,0,9466,"Northampton",FALSE,FALSE,FALSE,"car","$907.00 ","Spanish",46
"219",19676,"18:19:00","4/11/17","17:37",1,59,88,43,65,2,0,9676,"Temp",FALSE,FALSE,FALSE,"walk","$0.00 ","9/15/16",46
"220",19690,"18:46:00","4/11/17","17:50",3,57,88,43,65,2,0,9690,"Northampton",FALSE,TRUE,TRUE,"car","$1,700.00 ","English",46
"221",19744,"17:10:00","4/11/17","16:23",3,103.5,88,43,65,2,0,9744,"Chesterfield",FALSE,FALSE,TRUE,"car","$2,054.00 ","English",46
"222",19787,"16:54:00","4/11/17","16:21",1,53.5,88,43,65,2,0,9787,"Northampton",FALSE,FALSE,FALSE,"car","$1,100.00 ","English",46
"223",19906,"18:28:00","4/11/17","17:40",1,57.5,88,43,65,2,0,9906,"Northampton",FALSE,FALSE,FALSE,"car","$1,064.00 ","English",46
"224",19915,"17:12:00","4/11/17","16:39",1,45.5,88,43,65,2,0,9915,"Northampton",FALSE,FALSE,FALSE,"walk","$910.00 ","English",46
"225",19928,"17:04:00","4/11/17","16:29",1,45,88,43,65,2,0,9928,"Temp",FALSE,FALSE,FALSE,"walk","$0.00 ","English",46
"226",19929,"17:30:00","4/11/17","16:48",1,39,88,43,65,2,0,9929,"Northampton",FALSE,FALSE,TRUE,"car","$0.00 ","English",46
"227",19930,"19:08:00","4/11/17","18:10",2,50,88,43,65,2,0,9930,"Temp",FALSE,FALSE,FALSE,"bus","$1,224.00 ","English",46
"228",10058,"13:18:00","4/12/17","12:46",2,68,64,47,56,3,1,58,"Hatfield",FALSE,FALSE,TRUE,"car","$1,944.00 ","English",37
"229",10280,"12:19:00","4/12/17","11:32",2,70.5,64,47,56,3,1,280,"Easthampton",FALSE,FALSE,TRUE,"car","$2,196.00 ","English",37
"230",10292,"11:29:00","4/12/17","11:08",1,45,64,47,56,3,1,292,"Northampton",FALSE,TRUE,FALSE,"car","$800.00 ","Japanese",37
"231",10408,"12:17:00","4/12/17","11:11",5,163,64,47,56,3,1,408,"Northampton",FALSE,TRUE,TRUE,"car","$3,517.00 ","English",37
"232",12041,"12:07:00","4/12/17","11:28",4,124,64,47,56,3,1,2041,"Easthampton",FALSE,TRUE,TRUE,"car","$2,371.00 ","English",37
"233",13562,"13:01:00","4/12/17","12:08",1,50,64,47,56,3,1,3562,"Northampton",FALSE,FALSE,TRUE,"car","$936.00 ","English",37
"234",14030,"13:35:00","4/12/17","12:48",5,148.5,64,47,56,3,1,4030,"Easthampton",FALSE,TRUE,TRUE,"car","$1,500.00 ","English",37
"235",14623,"14:01:00","4/12/17","13:29",2,85,64,47,56,3,1,4623,"Easthampton",FALSE,FALSE,TRUE,"car","$1,540.00 ","English",37
"236",15255,"14:02:00","4/12/17","13:38",1,47.5,64,47,56,3,1,5255,"Hatfield",FALSE,TRUE,TRUE,"car","$0.00 ","English",37
"237",15259,"12:20:00","4/12/17","11:40",1,45,64,47,56,3,1,5259,"Northampton",FALSE,FALSE,TRUE,"wheelchair","$973.00 ","English",37
"239",16236,"11:38:00","4/12/17","11:16",1,32,64,47,56,3,1,6236,"Northampton",FALSE,FALSE,FALSE,"car","$952.00 ","English",37
"240",17045,"13:01:00","4/12/17","11:50",5,157,64,47,56,3,1,7045,"Northampton",FALSE,FALSE,TRUE,"car","$1,289.00 ","English",37
"241",18123,"11:46:00","4/12/17","11:21",1,44.5,64,47,56,3,1,8123,"South Hadley",FALSE,FALSE,TRUE,"car","$194.00 ","English",37
"242",18124,"11:42:00","4/12/17","11:18",1,53,64,47,56,3,1,8124,"South Hadley",FALSE,TRUE,FALSE,"car","$1,546.00 ","English",37
"243",18537,"13:24:00","4/12/17","12:57",1,30.5,64,47,56,3,1,8537,"Hatfield",FALSE,TRUE,TRUE,"car","$1,350.00 ","English",37
"244",18658,"11:23:00","4/12/17","11:04",1,57,64,47,56,3,1,8658,"Easthampton",FALSE,TRUE,TRUE,"car","$1,326.00 ","English",37
"246",19029,"12:57:00","4/12/17","12:02",1,61,64,47,56,3,1,9029,"Northampton",FALSE,FALSE,FALSE,"car","$1,088.00 ","English",37
"247",19138,"13:08:00","4/12/17","12:10",4,72,64,47,56,3,1,9138,"Easthampton",TRUE,FALSE,TRUE,"car","$1,642.00 ","English",37
"248",19155,"13:37:00","4/12/17","13:09",5,114,64,47,56,3,1,9155,"Easthampton",FALSE,TRUE,TRUE,"car","$2,562.00 ","Berber",37
"249",19271,"11:29:00","4/12/17","11:09",1,42,64,47,56,3,1,9271,"Northampton",FALSE,FALSE,TRUE,"bus","$1,169.00 ","English",37
"250",19305,"11:55:00","4/12/17","11:24",1,50.5,64,47,56,3,1,9305,"Easthampton",FALSE,FALSE,FALSE,"car","$1,830.00 ","English",37
"251",19407,"12:46:00","4/12/17","11:59",1,23,64,47,56,3,1,9407,"Hatfield",FALSE,TRUE,TRUE,"car","$1,368.00 ","English",37
"252",19554,"12:34:00","4/12/17","11:37",4,76.5,64,47,56,3,1,9554,"Easthampton",FALSE,FALSE,TRUE,"bus","$1,800.00 ","English",37
"253",19706,"12:32:00","4/12/17","11:48",1,44.5,64,47,56,3,1,9706,"Northampton",FALSE,FALSE,FALSE,"car","$772.00 ","English",37
"254",19708,"11:48:00","4/12/17","11:25",1,36,64,47,56,3,1,9708,"Easthampton",FALSE,FALSE,TRUE,"car","$900.00 ","English",37
"255",19722,"14:21:00","4/12/17","14:00",2,75,64,47,56,3,1,9722,"Northampton",FALSE,TRUE,TRUE,"car","$2,020.00 ","English",37
"256",19779,"13:56:00","4/12/17","13:20",2,118.5,64,47,56,3,1,9779,"Northampton",TRUE,FALSE,TRUE,"car","$3,033.00 ","English",37
"257",19797,"12:34:00","4/12/17","11:43",3,111,64,47,56,3,1,9797,"Huntington",FALSE,TRUE,TRUE,"car","$511.00 ","English",37
"258",19869,"12:08:00","4/12/17","11:30",1,53.5,64,47,56,3,1,9869,"Easthampton",FALSE,FALSE,TRUE,"car","$1,086.00 ","English",37
"259",10109,"16:44:00","4/13/17","16:09",2,71.5,59,36,50,4,1,109,"Easthampton",FALSE,TRUE,TRUE,"car","$1,945.00 ","English",34
"260",10591,"16:48:00","4/13/17","17:02",1,40.5,59,36,50,4,1,591,"Temp",FALSE,FALSE,TRUE,"bike","$0.00 ","English",34
"261",10863,"17:14:00","4/13/17","16:52",1,37,59,36,50,4,1,863,"Northampton",FALSE,FALSE,TRUE,"walk","$1,181.00 ","English",34
"262",11233,"16:31:00","4/13/17","16:00",4,65,59,36,50,4,1,1233,"Northampton",FALSE,TRUE,TRUE,"car","$2,252.00 ","English",34
"263",11234,"17:14:00","4/13/17","16:33",4,133,59,36,50,4,1,1234,"Hadley",FALSE,FALSE,FALSE,"car","$3,080.00 ","Creole",34
"264",11523,"19:27:00","4/13/17","18:56",1,51.5,59,36,50,4,1,1523,"Northampton",FALSE,FALSE,TRUE,"car","$840.00 ","English",34
"265",11836,"17:04:00","4/13/17","16:28",1,26.5,59,36,50,4,1,1836,"Northampton",FALSE,TRUE,TRUE,"car","$1,125.00 ","English",34
"266",12255,"17:20:00","4/13/17","16:43",1,58,59,36,50,4,1,2255,"Chesterfield",FALSE,FALSE,TRUE,"car","$1,430.00 ","English",34
"267",12349,"17:52:00","4/13/17","17:31",1,38,59,36,50,4,1,2349,"Northampton",FALSE,TRUE,TRUE,"walk","$1,300.00 ","English",34
"268",12907,"19:02:00","4/13/17","18:31",3,100.5,59,36,50,4,1,2907,"Easthampton",FALSE,FALSE,TRUE,"car","$1,634.00 ","English",34
"269",13995,"16:24:00","4/13/17","16:02",1,41,59,36,50,4,1,3995,"Northampton",FALSE,FALSE,FALSE,"car","$980.00 ","Spanish",34
"270",14307,"16:38:00","4/13/17","16:11",1,35.5,59,36,50,4,1,4307,"Northampton",FALSE,FALSE,TRUE,"bike","$926.00 ","English",34
"271",15228,"17:50:00","4/13/17","17:21",4,75.5,59,36,50,4,1,5228,"Northampton",FALSE,TRUE,TRUE,"car","$1,980.00 ","English",34
"272",15550,"18:12:00","4/13/17","17:47",1,45.5,59,36,50,4,1,5550,"Williamsburg",FALSE,FALSE,FALSE,"bike","$0.00 ","English",34
"273",16337,"17:00:00","4/13/17","16:17",2,91,59,36,50,4,1,6337,"Northampton",FALSE,TRUE,TRUE,"car","$1,060.00 ","English",34
"274",17315,"19:33:00","4/13/17","18:59",1,49.5,59,36,50,4,1,7315,"Northampton",FALSE,FALSE,TRUE,"car","$1,175.00 ","English",34
"275",17436,"18:39:00","4/13/17","18:03",6,97.5,59,36,50,4,1,7436,"Easthampton",TRUE,TRUE,TRUE,"car","$2,233.00 ","Arabic",34
"276",17703,"19:33:00","4/13/17","18:45",1,87,59,36,50,4,1,7703,"Northampton",FALSE,FALSE,TRUE,"car","$3,045.00 ","English",34
"277",18070,"17:24:00","4/13/17","17:00",1,39.5,59,36,50,4,1,8070,"Northampton",FALSE,TRUE,TRUE,"car","$1,347.40 ","English",34
"278",18303,"18:31:00","4/13/17","18:14",1,58.5,59,36,50,4,1,8303,"Northampton",FALSE,FALSE,TRUE,"walk","$850.00 ","English",34
"279",18315,"18:00:00","4/13/17","17:27",4,130.5,59,36,50,4,1,8315,"Easthampton",FALSE,FALSE,FALSE,"car","$1,800.00 ","English",34
"280",18498,"19:14:00","4/13/17","18:40",4,139.5,59,36,50,4,1,8498,"Northampton",FALSE,FALSE,TRUE,"car","$1,400.00 ","Filipino",34
"281",18961,"18:05:00","4/13/17","17:40",1,42,59,36,50,4,1,8961,"Easthampton",FALSE,FALSE,TRUE,"car","$0.00 ","English",34
"282",18980,"17:11:00","4/13/17","16:39",1,31.5,59,36,50,4,1,8980,"Northampton",FALSE,FALSE,FALSE,"car","$0.00 ","English",34
"283",19146,"17:31:00","4/13/17","16:47",5,107.5,59,36,50,4,1,9146,"Northampton",TRUE,FALSE,TRUE,"car","$1,369.00 ","English",34
"284",19376,"16:59:00","4/13/17","16:21",3,38,59,36,50,4,1,9376,"Easthampton",FALSE,FALSE,TRUE,"car","$1,291.00 ","Morrrocan",34
"285",19397,"16:34:00","4/13/17","16:04",1,52,59,36,50,4,1,9397,"Northampton",FALSE,FALSE,TRUE,"bus","$497.00 ","English",34
"286",19810,"18:55:00","4/13/17","18:17",6,46.5,59,36,50,4,1,9810,"Northampton",FALSE,FALSE,TRUE,"walk","$3,833.00 ","English",34
"287",19912,"17:08:00","4/13/17","16:37",1,33.5,59,36,50,4,1,9912,"Northampton",FALSE,FALSE,TRUE,"car","$749.00 ","English",34
"289",19931,"18:57:00","4/13/17","18:26",1,58,59,36,50,4,1,9931,"Easthampton",FALSE,FALSE,FALSE,"car","$1,300.00 ","English",34
"290",19932,"19:22:00","4/13/17","18:47",1,70.5,59,36,50,4,1,9932,"Northampton",FALSE,FALSE,FALSE,"car","$0.00 ","English",34
"291",11212,"11:30:00","4/14/17","11:07",1,62,73,29,46,5,1,1212,"Northampton",FALSE,TRUE,TRUE,"car","$1,017.00 ","English",40
"292",11442,"11:25:00","4/14/17","11:03",2,70,73,29,46,5,1,1442,"Goshen",FALSE,TRUE,TRUE,"car","$1,595.00 ","English",40
"293",11564,"12:59:00","4/14/17","12:18",1,38.5,73,29,46,5,1,1564,"Northampton",FALSE,TRUE,TRUE,"walk","$955.00 ","English",40
"294",11944,"14:29:00","4/14/17","14:09",1,47.5,73,29,46,5,1,1944,"Easthampton",FALSE,FALSE,FALSE,"car","$374.00 ","English",40
"295",12063,"11:59:00","4/14/17","11:29",1,59.5,73,29,46,5,1,2063,"Temp",FALSE,FALSE,TRUE,"car","$908.00 ","English",40
"296",12373,"11:46:00","4/14/17","11:20",1,55.5,73,29,46,5,1,2373,"Northampton",FALSE,FALSE,TRUE,"car","$899.00 ","Spanish",40
"297",13137,"12:49:00","4/14/17","12:05",5,127.5,73,29,46,5,1,3137,"Northampton",FALSE,TRUE,TRUE,"car","$3,760.00 ","English",40
"298",13394,"12:11:00","4/14/17","11:40",1,48.5,73,29,46,5,1,3394,"Temp",FALSE,FALSE,TRUE,"car","$1,138.00 ","English",40
"299",13546,"14:21:00","4/14/17","13:46",5,147,73,29,46,5,1,3546,"Northampton",FALSE,TRUE,TRUE,"car","$2,647.00 ","English",40
"300",15574,"11:58:00","4/14/17","11:16",3,123.5,73,29,46,5,1,5574,"Northampton",FALSE,FALSE,TRUE,"walk","$871.00 ","English",40
"301",16105,"13:19:00","4/14/17","12:33",2,75,73,29,46,5,1,6105,"Northampton",FALSE,TRUE,TRUE,"car","$1,500.00 ","English",40
"302",16499,"12:07:00","4/14/17","11:36",1,50,73,29,46,5,1,6499,"Easthampton",FALSE,TRUE,FALSE,"car","$1,550.00 ","English",40
"304",16722,"14:36:00","4/14/17","14:03",1,97,73,29,46,5,1,6722,"Northampton",FALSE,FALSE,FALSE,"car","$655.00 ","English",40
"305",18038,"13:32:00","4/14/17","13:20",1,40.5,73,29,46,5,1,8038,"Northampton",FALSE,FALSE,TRUE,"car","$1,120.00 ","English",40
"306",18515,"11:38:00","4/14/17","11:14",1,38,73,29,46,5,1,8515,"Northampton",FALSE,FALSE,TRUE,"car","$972.00 ","English",40
"307",18806,"13:00:00","4/14/17","12:12",5,227.5,73,29,46,5,1,8806,"Plainfield",FALSE,TRUE,TRUE,"car","$1,150.00 ","English",40
"308",18939,"12:06:00","4/14/17","11:34",2,101,73,29,46,5,1,8939,"Northampton",FALSE,TRUE,TRUE,"car","$816.00 ","Arabic",40
"309",18971,"11:35:00","4/14/17","11:09",2,58,73,29,46,5,1,8971,"Northampton",FALSE,FALSE,TRUE,"car","$1,231.00 ","English",40
"310",19007,"12:30:00","4/14/17","11:56",3,108,73,29,46,5,1,9007,"Easthampton",TRUE,FALSE,TRUE,"car","$2,660.00 ","English",40
"311",19140,"14:25:00","4/14/17","13:57",1,33,73,29,46,5,1,9140,"Northampton",FALSE,FALSE,TRUE,"car","$453.00 ","English",40
"312",19284,"14:19:00","4/14/17","13:53",1,61.5,73,29,46,5,1,9284,"Northampton",FALSE,FALSE,FALSE,"car","$1,025.00 ","English",40
"313",19464,"12:50:00","4/14/17","12:09",1,21.5,73,29,46,5,1,9464,"Northampton",FALSE,FALSE,FALSE,"walk","$1,675.00 ","English",40
"314",19477,"12:50:00","4/14/17","12:16",1,92,73,29,46,5,1,9477,"Northampton",FALSE,FALSE,TRUE,"car","$995.00 ","English",40
"315",19532,"14:09:00","4/14/17","13:25",2,55,73,29,46,5,1,9532,"Northampton",FALSE,TRUE,TRUE,"bike","$2,080.00 ","English",40
"316",19659,"11:30:00","4/14/17","11:05",1,46,73,29,46,5,1,9659,"Easthampton",FALSE,FALSE,TRUE,"car","$1,203.00 ","English",40
"317",19765,"14:18:00","4/14/17","13:49",1,56,73,29,46,5,1,9765,"Easthampton",FALSE,FALSE,TRUE,"car","$400.00 ","English",40
"318",19840,"11:56:00","4/14/17","11:37",3,92.5,73,29,46,5,1,9840,"Cummington",FALSE,TRUE,TRUE,"car","$2,337.00 ","English",40
"319",19864,"13:16:00","4/14/17","12:21",2,114,73,29,46,5,1,9864,"Hatfield",FALSE,FALSE,FALSE,"car","$1,800.00 ","English",40
"320",19925,"12:28:00","4/14/17","11:58",1,72,73,29,46,5,1,9925,"Easthampton",FALSE,FALSE,FALSE,"car","$1,679.00 ","English",40
"321",19933,"12:21:00","4/14/17","11:45",3,103.5,73,29,46,5,1,9933,"South Hadley",FALSE,FALSE,TRUE,"car","$2,112.00 ","English",40
"322",19934,"13:18:00","4/14/17","12:27",6,115,73,29,46,5,1,9934,"Easthampton",TRUE,FALSE,TRUE,"car","$1,300.00 ","English",40
"323",19935,"13:58:00","4/14/17","12:50",3,89,73,29,46,5,1,9935,"Hadley",FALSE,TRUE,TRUE,"car","$981.00 ","English",40
"324",19936,"13:33:00","4/14/17","13:06",1,36,73,29,46,5,1,9936,"Easthampton",FALSE,FALSE,TRUE,"car","$893.00 ","English",40
"325",19937,"14:09:00","4/14/17","13:31",1,50.5,73,29,46,5,1,9937,"Northampton",FALSE,TRUE,TRUE,"car","$0.00 ","English",40
"326",10139,"16:53:00","4/18/17","16:19",2,55.5,61,36,48,2,0,139,"Northampton",FALSE,TRUE,TRUE,"car","$1,963.00 ","English",21
"327",10805,"16:44:00","4/18/17","16:18",1,35,61,36,48,2,0,805,"Northampton",FALSE,TRUE,TRUE,"car","$956.00 ","English",21
"328",11780,"16:14:00","4/18/17","16:03",1,18,61,36,48,2,0,1780,"Northampton",FALSE,FALSE,TRUE,"walk","$910.00 ","English",21
"329",12581,"18:00:00","4/18/17","17:45",1,37.5,61,36,48,2,0,2581,"Easthampton",FALSE,FALSE,TRUE,"car","$1,316.00 ","English",21
"330",13906,"17:06:00","4/18/17","16:43",1,49.5,61,36,48,2,0,3906,"Northampton",FALSE,FALSE,TRUE,"bus","$960.00 ","English",21
"331",17165,"18:50:00","4/18/17","18:27",1,68.5,61,36,48,2,0,7165,"Northampton",FALSE,FALSE,TRUE,"walk","$983.00 ","English",21
"332",17372,"16:23:00","4/18/17","16:01",2,72,61,36,48,2,0,7372,"Northampton",FALSE,FALSE,TRUE,"car","$2,221.00 ","English",21
"333",17403,"18:05:00","4/18/17","17:40",1,51,61,36,48,2,0,7403,"Northampton",FALSE,FALSE,TRUE,"car","$1,282.00 ","English",21
"334",17801,"17:20:00","4/18/17","16:52",2,62,61,36,48,2,0,7801,"South Hadley",FALSE,TRUE,FALSE,"car","$2,016.00 ","English",21
"335",18506,"17:29:00","4/18/17","17:05",3,89,61,36,48,2,0,8506,"Northampton",FALSE,FALSE,TRUE,"car","$930.00 ","English",21
"336",18667,"18:31:00","4/18/17","17:39",2,68,61,36,48,2,0,8667,"Williamsburg",FALSE,FALSE,FALSE,"car","$1,730.00 ","English",21
"337",18678,"19:17:00","4/18/17","18:33",7,152,61,36,48,2,0,8678,"Easthampton",TRUE,FALSE,TRUE,"car","$2,166.00 ","Berber",21
"338",18961,"18:20:00","4/18/17","17:54",1,49.5,61,36,48,2,0,8961,"Easthampton",FALSE,FALSE,TRUE,"car","$0.00 ","English",21
"339",19220,"17:17:00","4/18/17","16:48",1,31.5,61,36,48,2,0,9220,"Northampton",FALSE,FALSE,TRUE,"walk","$984.00 ","English",21
"340",19239,"19:12:00","4/18/17","18:37",1,52,61,36,48,2,0,9239,"Northampton",FALSE,FALSE,FALSE,"car","$700.00 ","English",21
"341",19273,"16:49:00","4/18/17","16:05",2,94.5,61,36,48,2,0,9273,"Northampton",TRUE,TRUE,TRUE,"walk","$848.00 ","English",21
"342",19505,"16:38:00","4/18/17","16:13",1,41,61,36,48,2,0,9505,"Easthampton",FALSE,FALSE,FALSE,"car","$978.00 ","English",21
"343",19884,"16:44:00","4/18/17","16:15",2,75,61,36,48,2,0,9884,"Northampton",FALSE,FALSE,TRUE,"car","$0.00 ","English",21
"344",19913,"17:13:00","4/18/17","16:38",1,30,61,36,48,2,0,9913,"Temp",FALSE,FALSE,FALSE,"car","$1,216.00 ","English",21
"345",19938,"18:42:00","4/18/17","18:04",1,47,61,36,48,2,0,9938,"Northampton",FALSE,FALSE,FALSE,"car","$0.00 ","English",21
"346",10167,"12:00:00","4/19/17","11:26",2,80.5,52,38,45,3,1,167,"Easthampton",FALSE,TRUE,TRUE,"car","$1,691.00 ","English",42
"347",10189,"13:34:00","4/19/17","12:47",3,87,52,38,45,3,1,189,"Easthampton",TRUE,FALSE,TRUE,"car","$1,700.00 ","English",42
"348",10589,"13:10:00","4/19/17","12:39",1,29.5,52,38,45,3,1,589,"Easthampton",FALSE,TRUE,TRUE,"car","$1,031.00 ","English",42
"349",11219,"11:28:00","4/19/17","11:07",1,50,52,38,45,3,1,1219,"Northampton",FALSE,FALSE,TRUE,"walk","$1,046.00 ","English",42
"350",12847,"11:40:00","4/19/17","11:13",3,112,52,38,45,3,1,2847,"Williamsburg",FALSE,TRUE,TRUE,"car","$2,378.00 ","English",42
"351",13987,"12:53:00","4/19/17","12:09",4,93.5,52,38,45,3,1,3987,"Northampton",FALSE,FALSE,TRUE,"car","$2,180.00 ","Spanish",42
"352",14777,"12:05:00","4/19/17","11:30",1,66.5,52,38,45,3,1,4777,"Northampton",FALSE,FALSE,FALSE,"car","$1,070.00 ","English",42
"353",14916,"11:57:00","4/19/17","11:28",1,38,52,38,45,3,1,4916,"Northampton",FALSE,FALSE,FALSE,"car","$1,050.00 ","English",42
"354",15701,"12:35:00","4/19/17","12:01",1,43.5,52,38,45,3,1,5701,"Northampton",FALSE,FALSE,FALSE,"car","$600.00 ","English",42
"355",15909,"13:52:00","4/19/17","13:16",2,63,52,38,45,3,1,5909,"Northampton",FALSE,TRUE,TRUE,"car","$893.00 ","English",42
"356",16289,"12:43:00","4/19/17","11:56",2,71,52,38,45,3,1,6289,"Easthampton",FALSE,FALSE,TRUE,"car","$1,622.00 ","English",42
"357",16939,"11:35:00","4/19/17","11:10",2,103,52,38,45,3,1,6939,"Hatfield",FALSE,TRUE,FALSE,"car","$2,086.00 ","English",42
"358",16957,"12:48:00","4/19/17","12:06",4,144.5,52,38,45,3,1,6957,"Northampton",FALSE,FALSE,TRUE,"car","$1,538.00 ","English",42
"359",17200,"12:03:00","4/19/17","11:20",5,171,52,38,45,3,1,7200,"Northampton",FALSE,TRUE,TRUE,"car","$1,476.00 ","English",42
"360",18272,"12:32:00","4/19/17","11:58",1,46,52,38,45,3,1,8272,"Southampton",FALSE,TRUE,TRUE,"car","$1,033.00 ","English",42
"361",18407,"12:20:00","4/19/17","11:47",1,27.5,52,38,45,3,1,8407,"Northampton",FALSE,FALSE,TRUE,"bike","$0.00 ","English",42
"362",18604,"14:11:00","4/19/17","13:23",3,105,52,38,45,3,1,8604,"Northampton",FALSE,FALSE,TRUE,"car","$865.00 ","English",42
"363",18904,"14:10:00","4/19/17","13:45",2,85.5,52,38,45,3,1,8904,"Williamsburg",FALSE,FALSE,TRUE,"car","$1,600.00 ","English",42
"364",19100,"13:54:00","4/19/17","13:05",7,202.5,52,38,45,3,1,9100,"Northampton",FALSE,FALSE,TRUE,"walk","$660.00 ","English",42
"365",19498,"12:15:00","4/19/17","11:43",2,42.5,52,38,45,3,1,9498,"Easthampton",FALSE,FALSE,TRUE,"car","$0.00 ","Tashalbite",42
"366",19566,"11:46:00","4/19/17","11:23",1,43.5,52,38,45,3,1,9566,"Northampton",FALSE,FALSE,FALSE,"car","$104.00 ","English",42
"367",19665,"13:00:00","4/19/17","12:19",1,36.5,52,38,45,3,1,9665,"Northampton",FALSE,FALSE,FALSE,"bike","$0.00 ","English",42
"368",19666,"11:12:00","4/19/17","11:02",1,33,52,38,45,3,1,9666,"Easthampton",FALSE,FALSE,TRUE,"car","$1,378.00 ","English",42
"369",19720,"13:20:00","4/19/17","12:44",1,45,52,38,45,3,1,9720,"Northampton",FALSE,FALSE,FALSE,"car","$1,500.00 ","English",42
"370",19736,"13:08:00","4/19/17","12:15",3,104,52,38,45,3,1,9736,"South Hadley",FALSE,TRUE,TRUE,"car","$1,469.00 ","English",42
"371",19751,"11:24:00","4/19/17","11:03",3,78,52,38,45,3,1,9751,"Easthampton",FALSE,FALSE,TRUE,"car","$511.00 ","English",42
"372",19781,"11:50:00","4/19/17","11:23",1,52,52,38,45,3,1,9781,"Easthampton",FALSE,FALSE,TRUE,"car","$1,036.00 ","English",42
"373",19792,"12:17:00","4/19/17","11:40",1,44.5,52,38,45,3,1,9792,"Cummington",FALSE,FALSE,FALSE,"car","$0.00 ","English",42
"374",19908,"12:54:00","4/19/17","12:11",1,66,52,38,45,3,1,9908,"Northampton",FALSE,FALSE,TRUE,"car","$400.00 ","English",42
"375",19909,"14:24:00","4/19/17","13:52",1,34,52,38,45,3,1,9909,"Northampton",FALSE,FALSE,TRUE,"car","$1,150.00 ","English",42
"376",19910,"12:29:00","4/19/17","11:51",4,171,52,38,45,3,1,9910,"Easthampton",FALSE,FALSE,FALSE,"car","$2,499.00 ","English",42
"377",19924,"13:45:00","4/19/17","13:09",1,55.5,52,38,45,3,1,9924,"Temp",FALSE,FALSE,TRUE,"car","$197.00 ","English",42
"378",19929,"13:31:00","4/19/17","12:59",1,32.5,52,38,45,3,1,9929,"Northampton",FALSE,FALSE,TRUE,"car","$0.00 ","English",42
"379",19940,"12:12:00","4/19/17","11:33",2,74.5,52,38,45,3,1,9940,"Northampton",FALSE,FALSE,TRUE,"car","$194.00 ","English",42
"380",19941,"14:13:00","4/19/17","13:34",1,59,52,38,45,3,1,9941,"Easthampton",FALSE,FALSE,TRUE,"car","$200.00 ","English",42
"381",10079,"17:44:00","4/20/17","16:46",1,55.5,69,44,56,4,0,79,"Northampton",FALSE,FALSE,TRUE,"car","$842.00 ","English",45
"382",10523,"16:43:00","4/20/17","16:13",2,64,69,44,56,4,0,523,"Northampton",FALSE,FALSE,TRUE,"car","$1,667.00 ","English",45
"383",10757,"18:01:00","4/20/17","17:12",1,68.5,69,44,56,4,0,757,"Northampton",FALSE,TRUE,TRUE,"car","$1,025.00 ","English",45
"384",10766,"19:25:00","4/20/17","18:58",2,63,69,44,56,4,0,766,"Easthampton",FALSE,TRUE,TRUE,"car","$1,487.00 ","English",45
"385",10900,"16:52:00","4/20/17","16:08",1,102.5,69,44,56,4,0,900,"Williamsburg",FALSE,TRUE,TRUE,"car","$2,354.00 ","English",45
"386",10965,"17:23:00","4/20/17","16:31",1,48,69,44,56,4,0,965,"Easthampton",FALSE,FALSE,TRUE,"car","$528.00 ","English",45
"387",10986,"18:36:00","4/20/17","18:16",1,42.5,69,44,56,4,0,986,"Northampton",FALSE,FALSE,TRUE,"bus","$900.00 ","English",45
"388",11120,"17:19:00","4/20/17","16:28",4,48,69,44,56,4,0,1120,"Northampton",FALSE,TRUE,TRUE,"car","$2,800.00 ","English",45
"389",11286,"19:00:00","4/20/17","18:04",5,162.5,69,44,56,4,0,1286,"Northampton",TRUE,FALSE,TRUE,"car","$2,175.00 ","English",45
"390",11692,"17:33:00","4/20/17","16:40",2,76,69,44,56,4,0,1692,"Northampton",FALSE,FALSE,TRUE,"car","$960.00 ","English",45
"391",11829,"16:49:00","4/20/17","16:18",1,50,69,44,56,4,0,1829,"Easthampton",FALSE,FALSE,TRUE,"car","$800.00 ","English",45
"392",11847,"18:23:00","4/20/17","17:28",1,73,69,44,56,4,0,1847,"Northampton",FALSE,FALSE,FALSE,"car","$1,641.00 ","English",45
"393",12879,"17:46:00","4/20/17","16:52",2,98.5,69,44,56,4,0,2879,"Hatfield",FALSE,FALSE,TRUE,"car","$1,037.00 ","English",45
"394",13221,"19:18:00","4/20/17","18:25",7,168,69,44,56,4,0,3221,"Northampton",TRUE,TRUE,TRUE,"car","$2,047.00 ","English",45
"395",14115,"17:17:00","4/20/17","16:21",4,123.5,69,44,56,4,0,4115,"Northampton",FALSE,TRUE,TRUE,"car","$2,657.00 ","Spanish",45
"396",14796,"17:12:00","4/20/17","16:30",1,39.5,69,44,56,4,0,4796,"Easthampton",FALSE,FALSE,TRUE,"car","$1,375.00 ","English",45
"397",15290,"18:35:00","4/20/17","17:34",2,66,69,44,56,4,0,5290,"Southampton",FALSE,TRUE,FALSE,"car","$1,100.00 ","English",45
"398",15847,"17:50:00","4/20/17","16:59",5,72.5,69,44,56,4,0,5847,"Northampton",FALSE,FALSE,TRUE,"walk","$3,648.00 ","Spanish",45
"399",16088,"18:08:00","4/20/17","17:21",1,53.5,69,44,56,4,0,6088,"Easthampton",FALSE,FALSE,TRUE,"car","$988.00 ","English",45
"400",16169,"17:28:00","4/20/17","16:34",1,67,69,44,56,4,0,6169,"Easthampton",FALSE,TRUE,FALSE,"car","$1,512.00 ","English",45
"401",17078,"16:58:00","4/20/17","16:19",2,69,69,44,56,4,0,7078,"Williamsburg",FALSE,TRUE,TRUE,"car","$1,533.00 ","English",45
"402",17511,"17:18:00","4/20/17","16:23",2,68.5,69,44,56,4,0,7511,"Northampton",FALSE,FALSE,TRUE,"car","$1,448.00 ","Spanish",45
"403",17540,"18:33:00","4/20/17","17:39",1,51.5,69,44,56,4,0,7540,"Northampton",FALSE,TRUE,TRUE,"walk","$970.00 ","English",45
"404",17691,"17:37:00","4/20/17","16:43",2,76.5,69,44,56,4,0,7691,"Northampton",FALSE,FALSE,TRUE,"car","$1,721.00 ","English",45
"405",18176,"18:57:00","4/20/17","18:07",2,52,69,44,56,4,0,8176,"Williamsburg",FALSE,FALSE,TRUE,"car","$796.00 ","English",45
"406",18248,"17:07:00","4/20/17","16:25",1,35,69,44,56,4,0,8248,"Northampton",FALSE,FALSE,TRUE,"bike","$930.00 ","English",45
"407",18284,"16:32:00","4/20/17","16:06",1,62.5,69,44,56,4,0,8284,"Northampton",FALSE,FALSE,TRUE,"car","$819.00 ","English",45
"408",18439,"19:25:00","4/20/17","18:31",3,100.5,69,44,56,4,0,8439,"Northampton",FALSE,TRUE,TRUE,"car","$1,144.00 ","English",45
"409",18980,"18:15:00","4/20/17","17:26",1,42,69,44,56,4,0,8980,"Northampton",FALSE,FALSE,FALSE,"car","$0.00 ","English",45
"410",18996,"18:34:00","4/20/17","17:32",5,141,69,44,56,4,0,8996,"Northampton",FALSE,FALSE,TRUE,"car","$4,189.00 ","Spanish",45
"411",19237,"19:02:00","4/20/17","18:24",2,60,69,44,56,4,0,9237,"Easthampton",FALSE,TRUE,FALSE,"car","$2,514.00 ","English",45
"412",19489,"16:48:00","4/20/17","16:15",2,64.5,69,44,56,4,0,9489,"Northampton",FALSE,FALSE,FALSE,"car","$360.00 ","English",45
"413",19517,"19:22:00","4/20/17","18:36",1,61,69,44,56,4,0,9517,"Northampton",FALSE,FALSE,TRUE,"walk","$1,598.00 ","English",45
"414",19656,"16:40:00","4/20/17","16:04",2,92.5,69,44,56,4,0,9656,"Northampton",FALSE,FALSE,FALSE,"car","$0.00 ","English",45
"415",19912,"18:14:00","4/20/17","17:24",1,33,69,44,56,4,0,9912,"Northampton",FALSE,FALSE,TRUE,"car","$749.00 ","English",45
"416",19914,"17:46:00","4/20/17","16:55",2,65,69,44,56,4,0,9914,"Temp",FALSE,FALSE,TRUE,"car","$0.00 ","English",45
"417",19922,"18:05:00","4/20/17","17:13",1,61.5,69,44,56,4,0,9922,"Temp",FALSE,FALSE,TRUE,"car","$37.00 ","English",45
"418",19927,"18:11:00","4/20/17","17:00",3,81,69,44,56,4,0,9927,"Easthampton",FALSE,FALSE,TRUE,"car","$1,420.00 ","English",45
"419",19942,"18:03:00","4/20/17","17:03",1,63.5,69,44,56,4,0,9942,"Northampton",FALSE,FALSE,FALSE,"car","$0.00 ","English",45
"420",19943,"19:35:00","4/20/17","18:45",3,147,69,44,56,4,0,9943,"Temp",FALSE,FALSE,TRUE,"car","$0.00 ","English",45
"421",11246,"13:06:00","4/21/17","12:07",1,40,50,44,48,5,1,1246,"Northampton",FALSE,FALSE,TRUE,"walk","$975.00 ","English",37
"422",11337,"14:06:00","4/21/17","12:58",1,60.5,50,44,48,5,1,1337,"Northampton",FALSE,FALSE,FALSE,"car","$1,720.00 ","English",37
"423",11406,"11:38:00","4/21/17","11:11",1,81,50,44,48,5,1,1406,"Hatfield",FALSE,TRUE,TRUE,"car","$940.00 ","English",37
"424",11534,"13:55:00","4/21/17","13:02",1,43,50,44,48,5,1,1534,"Northampton",FALSE,FALSE,TRUE,"car","$1,014.00 ","English",37
"425",11802,"14:44:00","4/21/17","13:39",3,138.5,50,44,48,5,1,1802,"Northampton",FALSE,TRUE,TRUE,"car","$2,088.00 ","English",37
"426",12521,"12:28:00","4/21/17","11:24",2,85,50,44,48,5,1,2521,"Northampton",FALSE,TRUE,FALSE,"car","$1,471.00 ","English",37
"427",13129,"13:25:00","4/21/17","12:16",1,42,50,44,48,5,1,3129,"Northampton",FALSE,FALSE,TRUE,"car","$894.00 ","English",37
"428",13148,"13:41:00","4/21/17","12:31",1,58.5,50,44,48,5,1,3148,"Northampton",FALSE,FALSE,TRUE,"car","$859.00 ","Spanish",37
"429",13244,"14:12:00","4/21/17","13:28",1,41.5,50,44,48,5,1,3244,"Northampton",FALSE,FALSE,TRUE,"car","$818.00 ","English",37
"430",13679,"12:45:00","4/21/17","11:51",1,47,50,44,48,5,1,3679,"Northampton",FALSE,FALSE,TRUE,"walk","$1,086.00 ","English",37
"431",13951,"13:39:00","4/21/17","12:28",1,37.5,50,44,48,5,1,3951,"Northampton",FALSE,FALSE,TRUE,"car","$961.00 ","English",37
"432",14137,"14:20:00","4/21/17","13:36",3,99.5,50,44,48,5,1,4137,"Hadley",FALSE,FALSE,TRUE,"car","$1,822.00 ","English",37
"433",14141,"13:43:00","4/21/17","12:25",5,144.5,50,44,48,5,1,4141,"Northampton",FALSE,FALSE,TRUE,"car","$2,168.00 ","Spanish",37
"434",14484,"12:30:00","4/21/17","11:45",3,69.5,50,44,48,5,1,4484,"Northampton",FALSE,FALSE,FALSE,"car","$0.00 ","English",37
"435",14858,"13:53:00","4/21/17","12:38",1,64,50,44,48,5,1,4858,"Northampton",FALSE,FALSE,TRUE,"car","$876.00 ","Spanish",37
"436",14888,"13:47:00","4/21/17","12:35",1,60.5,50,44,48,5,1,4888,"Northampton",FALSE,FALSE,TRUE,"car","$955.00 ","Spanish",37
"437",15812,"11:35:00","4/21/17","11:02",2,82.5,50,44,48,5,1,5812,"Easthampton",FALSE,FALSE,FALSE,"car","$2,430.00 ","English",37
"438",15949,"12:48:00","4/21/17","11:54",1,35.5,50,44,48,5,1,5949,"Northampton",FALSE,FALSE,FALSE,"walk","$2,111.00 ","English",37
"439",16012,"12:24:00","4/21/17","11:40",1,42.5,50,44,48,5,1,6012,"Northampton",FALSE,FALSE,TRUE,"car","$1,341.00 ","English",37
"440",16644,"14:00:00","4/21/17","12:54",1,48,50,44,48,5,1,6644,"Temp",FALSE,FALSE,TRUE,"walk","$490.00 ","English",37
"441",16700,"14:29:00","4/21/17","13:47",1,35.5,50,44,48,5,1,6700,"Temp",FALSE,FALSE,FALSE,"car","$950.00 ","English",37
"442",17143,"13:12:00","4/21/17","12:05",2,60.5,50,44,48,5,1,7143,"Easthampton",FALSE,FALSE,TRUE,"car","$578.00 ","English",37
"443",18147,"13:22:00","4/21/17","12:11",4,114.5,50,44,48,5,1,8147,"Easthampton",FALSE,FALSE,TRUE,"car","$937.00 ","English",37
"444",18364,"13:23:00","4/21/17","12:13",1,53,50,44,48,5,1,8364,"Easthampton",FALSE,FALSE,TRUE,"car","$1,150.00 ","English",37
"445",18659,"12:04:00","4/21/17","11:20",4,93.5,50,44,48,5,1,8659,"Easthampton",TRUE,FALSE,TRUE,"car","$2,149.00 ","English",37
"446",18702,"14:38:00","4/21/17","13:54",1,57.5,50,44,48,5,1,8702,"Easthampton",FALSE,FALSE,TRUE,"car","$194.00 ","English",37
"447",18829,"11:36:00","4/21/17","11:06",3,106,50,44,48,5,1,8829,"Easthampton",FALSE,FALSE,TRUE,"car","$2,323.00 ","English",37
"448",19198,"13:01:00","4/21/17","12:00",2,70.5,50,44,48,5,1,9198,"Northampton",FALSE,FALSE,TRUE,"walk","$947.00 ","Spanish",37
"449",19205,"14:16:00","4/21/17","13:17",1,43.5,50,44,48,5,1,9205,"Northampton",FALSE,FALSE,TRUE,"car","$1,000.00 ","English",37
"450",19345,"11:37:00","4/21/17","11:09",1,46,50,44,48,5,1,9345,"Southampton",FALSE,FALSE,FALSE,"car","$1,664.00 ","English",37
"451",19521,"14:02:00","4/21/17","12:56",1,62,50,44,48,5,1,9521,"Easthampton",FALSE,FALSE,TRUE,"car","$1,083.00 ","English",37
"452",19836,"13:26:00","4/21/17","12:20",2,60,50,44,48,5,1,9836,"Northampton",FALSE,FALSE,TRUE,"walk","$1,033.00 ","English",37
"453",19867,"14:48:00","4/21/17","13:57",1,51.5,50,44,48,5,1,9867,"Easthampton",FALSE,TRUE,TRUE,"car","$1,262.00 ","English",37
"454",19891,"11:51:00","4/21/17","11:12",1,73.5,50,44,48,5,1,9891,"Easthampton",FALSE,FALSE,FALSE,"car","$1,698.00 ","English",37
"455",19925,"12:44:00","4/21/17","11:48",1,65,50,44,48,5,1,9925,"Easthampton",FALSE,FALSE,FALSE,"car","$1,679.00 ","English",37
"456",19944,"12:29:00","4/21/17","11:29",1,78,50,44,48,5,1,9944,"Northampton",FALSE,FALSE,TRUE,"PVTA van","$980.00 ","English",37
"457",10524,"11:50:00","4/24/17","11:03",6,201.5,74,35,54,1,0,524,"Easthampton",FALSE,FALSE,TRUE,"car","$3,820.00 ","English",46
"458",11105,"12:28:00","4/24/17","11:37",1,140,74,35,54,1,0,1105,"Northampton",FALSE,FALSE,FALSE,"car","$1,700.00 ","English",46
"459",11122,"14:06:00","4/24/17","13:08",1,73.5,74,35,54,1,0,1122,"Easthampton",FALSE,FALSE,TRUE,"car","$705.00 ","English",46
"460",11239,"13:48:00","4/24/17","12:50",1,64.5,74,35,54,1,0,1239,"Northampton",FALSE,FALSE,TRUE,"car","$1,307.00 ","English",46
"461",11412,"12:09:00","4/24/17","11:27",1,37.5,74,35,54,1,0,1412,"Northampton",FALSE,FALSE,TRUE,"car","$794.00 ","English",46
"462",11529,"14:11:00","4/24/17","13:12",1,44,74,35,54,1,0,1529,"Hatfield",FALSE,FALSE,FALSE,"walk","$750.00 ","English",46
"463",11737,"11:21:00","4/24/17","11:00",1,39.5,74,35,54,1,0,1737,"Northampton",FALSE,FALSE,TRUE,"car","$1,774.00 ","English",46
"464",12139,"12:00:00","4/24/17","11:20",2,57,74,35,54,1,0,2139,"Northampton",FALSE,FALSE,FALSE,"car","$1,306.00 ","English",46
"465",12224,"13:07:00","4/24/17","12:28",1,29,74,35,54,1,0,2224,"Northampton",FALSE,FALSE,TRUE,"bike","$992.00 ","English",46
"466",12312,"12:51:00","4/24/17","12:09",2,73.5,74,35,54,1,0,2312,"Hatfield",FALSE,FALSE,TRUE,"car","$2,437.00 ","English",46
"467",12923,"14:32:00","4/24/17","13:47",5,175.5,74,35,54,1,0,2923,"Northampton",FALSE,TRUE,TRUE,"car","$710.00 ","English",46
"468",12970,"13:22:00","4/24/17","12:20",4,127,74,35,54,1,0,2970,"Easthampton",FALSE,TRUE,TRUE,"car","$1,274.00 ","English",46
"469",13338,"11:48:00","4/24/17","11:18",1,26.5,74,35,54,1,0,3338,"Northampton",FALSE,FALSE,TRUE,"car","$985.00 ","English",46
"470",13542,"11:49:00","4/24/17","11:07",1,47.5,74,35,54,1,0,3542,"South Hadley",FALSE,FALSE,TRUE,"car","$909.00 ","English",46
"471",13620,"12:16:00","4/24/17","11:34",1,74,74,35,54,1,0,3620,"Temp",FALSE,FALSE,TRUE,"bike","$810.00 ","English",46
"472",14379,"13:05:00","4/24/17","12:18",1,37.5,74,35,54,1,0,4379,"Northampton",FALSE,FALSE,TRUE,"car","$1,685.00 ","English",46
"473",14951,"13:33:00","4/24/17","12:26",9,200,74,35,54,1,0,4951,"Northampton",FALSE,TRUE,TRUE,"car","$1,969.00 ","English",46
"474",16306,"11:58:00","4/24/17","11:12",4,134,74,35,54,1,0,6306,"Easthampton",FALSE,FALSE,TRUE,"car","$2,393.00 ","English",46
"475",16739,"13:08:00","4/24/17","12:16",3,97.5,74,35,54,1,0,6739,"South Hadley",FALSE,FALSE,TRUE,"car","$2,605.00 ","English",46
"477",16887,"12:48:00","4/24/17","12:11",1,28,74,35,54,1,0,6887,"Northampton",FALSE,FALSE,TRUE,"bike","$444.00 ","English",46
"478",17071,"14:08:00","4/24/17","13:04",5,135.5,74,35,54,1,0,7071,"South Hadley",TRUE,FALSE,TRUE,"car","$3,016.00 ","English",46
"480",18404,"14:12:00","4/24/17","13:44",1,62.5,74,35,54,1,0,8404,"South Hadley",FALSE,FALSE,TRUE,"car","$922.00 ","English",46
"481",18441,"14:31:00","4/24/17","14:09",3,38.5,74,35,54,1,0,8441,"Williamsburg",FALSE,TRUE,FALSE,"car","$1,652.00 ","English",46
"482",19236,"12:37:00","4/24/17","11:50",3,98,74,35,54,1,0,9236,"Northampton",FALSE,FALSE,TRUE,"car","$1,105.00 ","English",46
"483",19259,"12:14:00","4/24/17","11:24",3,67.5,74,35,54,1,0,9259,"Easthampton",TRUE,FALSE,TRUE,"car","$1,761.00 ","English",46
"484",19260,"13:30:00","4/24/17","12:31",4,69,74,35,54,1,0,9260,"Temp",FALSE,FALSE,TRUE,"car","$3,485.00 ","English",46
"485",19587,"12:11:00","4/24/17","11:30",1,58.5,74,35,54,1,0,9587,"Easthampton",FALSE,FALSE,TRUE,"bus","$948.00 ","English",46
"486",19696,"13:56:00","4/24/17","12:43",3,107,74,35,54,1,0,9696,"Northampton",FALSE,FALSE,FALSE,"car","$2,492.00 ","English",46
"487",19725,"14:19:00","4/24/17","13:50",1,51,74,35,54,1,0,9725,"Easthampton",FALSE,FALSE,FALSE,"car","$1,200.00 ","English",46
"488",19777,"14:25:00","4/24/17","13:57",1,21.5,74,35,54,1,0,9777,"Northampton",FALSE,FALSE,TRUE,"walk","$100.00 ","English",46
"489",19921,"11:59:00","4/24/17","11:14",3,110,74,35,54,1,0,9921,"Northampton",FALSE,FALSE,TRUE,"car","$1,654.00 ","English",46
"490",19945,"12:35:00","4/24/17","11:41",3,82.5,74,35,54,1,0,9945,"Northampton",TRUE,FALSE,TRUE,"walk","$835.00 ","English",46
"491",19946,"12:55:00","4/24/17","11:55",1,75.5,74,35,54,1,0,9946,"Easthampton",FALSE,FALSE,TRUE,"car","$1,145.00 ","English",46
"492",19947,"13:48:00","4/24/17","12:35",3,114.5,74,35,54,1,0,9947,"Easthampton",FALSE,TRUE,TRUE,"car","$2,516.00 ","English",46
"493",10954,"18:26:00","4/25/17","17:54",1,44.5,54,47,51,2,1,954,"Northampton",FALSE,FALSE,TRUE,"walk","$930.00 ","English",40
"494",11180,"18:41:00","4/25/17","18:05",1,57.5,54,47,51,2,1,1180,"Northampton",FALSE,FALSE,TRUE,"bike","$881.00 ","English",40
"495",11467,"16:15:00","4/25/17","16:05",1,36.5,54,47,51,2,1,1467,"Hatfield",FALSE,FALSE,TRUE,"car","$1,154.00 ","English",40
"496",11519,"18:14:00","4/25/17","17:16",3,99,54,47,51,2,1,1519,"Williamsburg",FALSE,FALSE,TRUE,"car","$1,794.00 ","English",40
"497",11919,"18:08:00","4/25/17","17:12",1,52.5,54,47,51,2,1,1919,"Hadley",FALSE,FALSE,FALSE,"walk","$110.00 ","English",40
"498",12366,"16:35:00","4/25/17","16:09",2,45.5,54,47,51,2,1,2366,"Northampton",FALSE,TRUE,TRUE,"car","$1,540.00 ","English",40
"499",12859,"18:47:00","4/25/17","18:03",3,82,54,47,51,2,1,2859,"Northampton",FALSE,FALSE,TRUE,"car","$2,461.00 ","English",40
"500",13672,"16:56:00","4/25/17","16:14",3,83.5,54,47,51,2,1,3672,"Northampton",FALSE,FALSE,TRUE,"walk","$1,947.00 ","Spanish",40
"501",13819,"16:25:00","4/25/17","16:00",2,67.5,54,47,51,2,1,3819,"Easthampton",FALSE,TRUE,FALSE,"car","$1,701.00 ","English",40
"502",14274,"16:45:00","4/25/17","16:13",1,44.5,54,47,51,2,1,4274,"Northampton",FALSE,TRUE,FALSE,"car","$1,600.00 ","English",40
"503",14277,"17:20:00","4/25/17","16:29",1,65,54,47,51,2,1,4277,"Northampton",FALSE,FALSE,TRUE,"car","$1,012.00 ","English",40
"505",15278,"16:33:00","4/25/17","16:08",2,62.5,54,47,51,2,1,5278,"Hadley",FALSE,FALSE,FALSE,"car","$1,700.00 ","English",40
"506",15376,"16:55:00","4/25/17","16:17",4,119.5,54,47,51,2,1,5376,"Easthampton",FALSE,FALSE,TRUE,"car","$1,732.00 ","Spanish",40
"507",16006,"16:50:00","4/25/17","16:19",1,33,54,47,51,2,1,6006,"Northampton",FALSE,FALSE,TRUE,"car","$1,250.00 ","English",40
"508",16538,"16:57:00","4/25/17","16:22",1,24,54,47,51,2,1,6538,"Northampton",FALSE,FALSE,TRUE,"walk","$1,017.00 ","English",40
"509",17844,"19:15:00","4/25/17","18:55",2,92,54,47,51,2,1,7844,"Southampton",FALSE,TRUE,TRUE,"car","$1,487.00 ","English",40
"510",18064,"18:19:00","4/25/17","17:18",2,54.5,54,47,51,2,1,8064,"Northampton",FALSE,FALSE,FALSE,"car","$650.00 ","Spanish",40
"511",18119,"18:17:00","4/25/17","17:22",4,48.5,54,47,51,2,1,8119,"Huntington",FALSE,FALSE,TRUE,"car","$2,851.00 ","English",40
"512",18457,"18:38:00","4/25/17","18:01",2,69,54,47,51,2,1,8457,"Northampton",FALSE,FALSE,TRUE,"walk","$930.00 ","English",40
"513",18897,"17:56:00","4/25/17","17:06",1,35,54,47,51,2,1,8897,"Northampton",FALSE,FALSE,TRUE,"car","$917.00 ","Spanish",40
"514",18942,"17:47:00","4/25/17","17:04",1,43,54,47,51,2,1,8942,"Northampton",FALSE,FALSE,TRUE,"walk","$805.00 ","Spanish",40
"515",18973,"17:24:00","4/25/17","16:35",1,42.5,54,47,51,2,1,8973,"Northampton",FALSE,FALSE,FALSE,"car","$1,334.00 ","English",40
"516",19161,"17:45:00","4/25/17","16:42",5,151,54,47,51,2,1,9161,"Easthampton",FALSE,FALSE,TRUE,"car","$1,750.00 ","English",40
"517",19448,"17:49:00","4/25/17","10:42",3,97.5,54,47,51,2,1,9448,"Northampton",FALSE,FALSE,TRUE,"car","$380.00 ","English",40
"518",19471,"17:10:00","4/25/17","16:24",2,78.5,54,47,51,2,1,9471,"Temp",FALSE,FALSE,FALSE,"car","$75.00 ","English",40
"519",19475,"17:11:00","4/25/17","16:24",5,162.5,54,47,51,2,1,9475,"Easthampton",FALSE,FALSE,TRUE,"car","$1,465.00 ","English",40
"520",19662,"16:30:00","4/25/17","16:05",1,44,54,47,51,2,1,9662,"Northampton",FALSE,FALSE,TRUE,"car","$1,114.00 ","English",40
"521",19755,"17:31:00","4/25/17","16:35",1,86.5,54,47,51,2,1,9755,"Northampton",FALSE,FALSE,FALSE,"car","$840.00 ","English",40
"523",19804,"19:10:00","4/25/17","18:12",3,84,54,47,51,2,1,9804,"Williamsburg",TRUE,TRUE,TRUE,"car","$2,784.00 ","English",40
"524",19827,"17:21:00","4/25/17","16:32",1,18.5,54,47,51,2,1,9827,"Temp",FALSE,FALSE,FALSE,"walk","$927.00 ","English",40
"525",19926,"18:29:00","4/25/17","17:58",1,46.5,54,47,51,2,1,9926,"Florence",FALSE,FALSE,FALSE,"car","$1,400.00 ","English",40
"526",19932,"19:07:00","4/25/17","18:47",1,50.5,54,47,51,2,1,9932,"Northampton",FALSE,FALSE,FALSE,"car","$0.00 ","English",40
"527",19938,"17:59:00","4/25/17","17:08",1,33,54,47,51,2,1,9938,"Northampton",FALSE,FALSE,FALSE,"car","$0.00 ","English",40
"528",19948,"16:45:00","4/25/17","16:11",1,37,54,47,51,2,1,9948,"Northampton",FALSE,TRUE,FALSE,"car","$1,888.00 ","English",40
"529",19950,"17:48:00","4/25/17","17:02",1,66,54,47,51,2,1,9950,"Northampton",FALSE,FALSE,FALSE,"walk","$803.00 ","English",40
"530",10653,"12:57:00","4/26/17","11:52",1,35.5,60,47,54,3,1,653,"Northampton",FALSE,TRUE,TRUE,"car","$979.00 ","English",46
"531",11650,"11:57:00","4/26/17","11:21",1,45,60,47,54,3,1,1650,"Hatfield",FALSE,FALSE,FALSE,"car","$740.00 ","English",46
"532",13332,"12:24:00","4/26/17","11:31",4,133.5,60,47,54,3,1,3332,"Northampton",FALSE,TRUE,TRUE,"car","$2,593.00 ","English",46
"533",14143,"13:09:00","4/26/17","12:10",1,45,60,47,54,3,1,4143,"Hatfield",FALSE,FALSE,FALSE,"car","$1,900.00 ","English",46
"534",14304,"11:32:00","4/26/17","11:00",5,152.5,60,47,54,3,1,4304,"South Hadley",FALSE,TRUE,TRUE,"car","$2,562.00 ","English",46
"535",14606,"12:28:00","4/26/17","11:38",2,87,60,47,54,3,1,4606,"Northampton",FALSE,FALSE,TRUE,"walk","$871.00 ","English",46
"536",14730,"13:51:00","4/26/17","12:36",2,68.5,60,47,54,3,1,4730,"Easthampton",FALSE,FALSE,TRUE,"car","$2,079.00 ","English",46
"537",15228,"12:00:00","4/26/17","11:16",4,106.5,60,47,54,3,1,5228,"Northampton",FALSE,TRUE,TRUE,"car","$1,980.00 ","English",46
"538",15229,"14:17:00","4/26/17","13:42",6,132,60,47,54,3,1,5229,"Northampton",FALSE,FALSE,TRUE,"car","$3,120.00 ","Arabic",46
"539",15782,"12:46:00","4/26/17","11:41",5,146.5,60,47,54,3,1,5782,"Northampton",FALSE,FALSE,FALSE,"car","$2,400.00 ","Spanish",46
"540",15872,"13:40:00","4/26/17","12:30",1,63.5,60,47,54,3,1,5872,"Plainfield",FALSE,TRUE,TRUE,"car","$1,058.00 ","English",46
"541",15901,"13:57:00","4/26/17","13:24",4,115,60,47,54,3,1,5901,"Easthampton",FALSE,FALSE,TRUE,"car","$2,800.00 ","Spanish",46
"542",16335,"11:35:00","4/26/17","11:05",3,96,60,47,54,3,1,6335,"Easthampton",FALSE,FALSE,TRUE,"car","$2,357.00 ","English",46
"543",16573,"12:57:00","4/26/17","11:54",1,28,60,47,54,3,1,6573,"Northampton",FALSE,FALSE,TRUE,"car","$1,206.00 ","English",46
"544",16808,"13:23:00","4/26/17","12:26",4,108,60,47,54,3,1,6808,"Northampton",FALSE,FALSE,TRUE,"walk","$1,509.00 ","English",46
"545",17259,"12:48:00","4/26/17","11:50",1,39,60,47,54,3,1,7259,"Easthampton",FALSE,FALSE,TRUE,"bus","$956.00 ","English",46
"546",17294,"14:29:00","4/26/17","13:54",5,94,60,47,54,3,1,7294,"Northampton",FALSE,FALSE,TRUE,"car","$2,574.00 ","Urdu",46
"547",17487,"12:16:00","4/26/17","11:27",4,110,60,47,54,3,1,7487,"Hatfield",FALSE,TRUE,TRUE,"car","$1,894.00 ","English",46
"548",17839,"13:26:00","4/26/17","12:28",3,88,60,47,54,3,1,7839,"Northampton",FALSE,FALSE,TRUE,"car","$1,637.00 ","English",46
"549",17873,"14:05:00","4/26/17","13:27",4,109,60,47,54,3,1,7873,"Easthampton",FALSE,FALSE,TRUE,"car","$3,100.00 ","Spanish",46
"550",18244,"11:31:00","4/26/17","11:13",1,45.5,60,47,54,3,1,8244,"Easthampton",FALSE,TRUE,TRUE,"car","$1,050.00 ","English",46
"551",18297,"14:14:00","4/26/17","13:31",3,92,60,47,54,3,1,8297,"Easthampton",FALSE,TRUE,TRUE,"car","$1,347.00 ","English",46
"552",18299,"12:25:00","4/26/17","11:34",3,81,60,47,54,3,1,8299,"Northampton",FALSE,TRUE,TRUE,"car","$1,040.00 ","English",46
"553",18393,"11:38:00","4/26/17","11:09",1,60,60,47,54,3,1,8393,"South Hadley",FALSE,FALSE,FALSE,"car","$1,563.00 ","English",46
"554",18394,"11:44:00","4/26/17","11:10",1,40.5,60,47,54,3,1,8394,"South Hadley",FALSE,FALSE,FALSE,"car","$1,543.00 ","English",46
"555",18463,"11:22:00","4/26/17","11:02",1,22.5,60,47,54,3,1,8463,"Northampton",FALSE,TRUE,TRUE,"walk","$1,004.00 ","English",46
"556",18728,"12:15:00","4/26/17","11:23",3,85,60,47,54,3,1,8728,"Hatfield",FALSE,FALSE,TRUE,"car","$2,805.00 ","Spanish",46
"557",18768,"13:01:00","4/26/17","12:02",1,23,60,47,54,3,1,8768,"Easthampton",FALSE,FALSE,TRUE,"bike","$1,047.00 ","English",46
"558",18920,"11:50:00","4/26/17","11:13",1,46.5,60,47,54,3,1,8920,"Northampton",FALSE,FALSE,TRUE,"car","$1,316.00 ","English",46
"559",19117,"13:38:00","4/26/17","12:51",3,85.5,60,47,54,3,1,9117,"Northampton",TRUE,FALSE,TRUE,"walk","$1,328.00 ","English",46
"560",19172,"11:49:00","4/26/17","11:11",1,51,60,47,54,3,1,9172,"South Hadley",FALSE,FALSE,FALSE,"car","$1,427.00 ","English",46
"561",19197,"12:45:00","4/26/17","11:46",5,98.5,60,47,54,3,1,9197,"Easthampton",FALSE,FALSE,FALSE,"car","$2,405.00 ","Cambodian",46
"562",19273,"12:07:00","4/26/17","11:22",2,62,60,47,54,3,1,9273,"Northampton",TRUE,TRUE,TRUE,"walk","$848.00 ","English",46
"563",19352,"14:20:00","4/26/17","13:51",2,61.5,60,47,54,3,1,9352,"Northampton",FALSE,FALSE,FALSE,"car","$780.00 ","Urdu",46
"564",19566,"11:55:00","4/26/17","11:19",1,39.5,60,47,54,3,1,9566,"Northampton",FALSE,FALSE,FALSE,"car","$104.00 ","English",46
"565",19601,"13:02:00","4/26/17","11:57",5,109.5,60,47,54,3,1,9601,"Easthampton",FALSE,TRUE,TRUE,"car","$2,170.00 ","English",46
"566",19661,"13:55:00","4/26/17","13:05",2,70.5,60,47,54,3,1,9661,"Huntington",FALSE,FALSE,TRUE,"car","$294.00 ","English",46
"567",19871,"12:47:00","4/26/17","11:48",3,91.5,60,47,54,3,1,9871,"Easthampton",TRUE,FALSE,TRUE,"car","$511.00 ","English",46
"568",19913,"13:57:00","4/26/17","13:24",1,33.5,60,47,54,3,1,9913,"Temp",FALSE,FALSE,FALSE,"car","$1,216.00 ","English",46
"569",19917,"13:34:00","4/26/17","12:54",1,24.5,60,47,54,3,1,9917,"Northampton",FALSE,TRUE,TRUE,"car","$192.00 ","English",46
"570",19939,"13:10:00","4/26/17","12:21",1,37.5,60,47,54,3,1,9939,"Hadley",FALSE,FALSE,FALSE,"car","$100.00 ","English",46
"571",19951,"13:12:00","4/26/17","12:15",1,52,60,47,54,3,1,9951,"Temp",FALSE,FALSE,FALSE,"car","$0.00 ","English",46
"572",10855,"17:02:00","4/27/17","16:29",1,42.5,67,55,61,4,0,855,"Easthampton",FALSE,FALSE,TRUE,"car","$1,200.00 ","English",41
"573",10994,"17:55:00","4/27/17","17:07",5,122.5,67,55,61,4,0,994,"Northampton",FALSE,FALSE,TRUE,"car","$1,274.00 ","English",41
"574",11273,"17:42:00","4/27/17","16:52",3,85.5,67,55,61,4,0,1273,"Other - Belchertown",FALSE,TRUE,FALSE,"car","$2,060.00 ","English",41
"575",11445,"16:52:00","4/27/17","16:03",2,67.5,67,55,61,4,0,1445,"Easthampton",FALSE,FALSE,TRUE,"car","$1,760.00 ","English",41
"576",11627,"19:05:00","4/27/17","18:27",4,136.5,67,55,61,4,0,1627,"South Hadley",FALSE,TRUE,TRUE,"car","$4,580.00 ","English",41
"577",11769,"18:01:00","4/27/17","18:09",1,28,67,55,61,4,0,1769,"Northampton",FALSE,FALSE,FALSE,"walk","$0.00 ","English",41
"578",12073,"17:35:00","4/27/17","17:03",2,67,67,55,61,4,0,2073,"Northampton",FALSE,FALSE,TRUE,"walk","$1,579.00 ","English",41
"579",12347,"17:09:00","4/27/17","16:35",1,40.5,67,55,61,4,0,2347,"Temp",FALSE,FALSE,TRUE,"car","$1,080.00 ","English",41
"580",12847,"16:21:00","4/27/17","15:59",3,117,67,55,61,4,0,2847,"Williamsburg",FALSE,TRUE,TRUE,"car","$2,378.00 ","English",41
"581",14048,"18:44:00","4/27/17","18:09",2,65,67,55,61,4,0,4048,"Northampton",FALSE,FALSE,TRUE,"walk","$1,038.00 ","English",41
"582",14373,"17:04:00","4/27/17","16:30",1,46,67,55,61,4,0,4373,"Easthampton",FALSE,FALSE,TRUE,"car","$1,200.00 ","English",41
"583",16569,"18:35:00","4/27/17","18:05",3,60.5,67,55,61,4,0,6569,"Northampton",FALSE,TRUE,TRUE,"car","$1,674.00 ","Spanish",41
"584",16895,"17:19:00","4/27/17","16:40",1,39,67,55,61,4,0,6895,"Northampton",FALSE,FALSE,TRUE,"car","$1,600.00 ","English",41
"585",17298,"18:10:00","4/27/17","17:24",4,86,67,55,61,4,0,7298,"Northampton",TRUE,FALSE,FALSE,"car","$2,200.00 ","English",41
"586",17892,"16:56:00","4/27/17","16:27",1,27,67,55,61,4,0,7892,"Northampton",FALSE,FALSE,FALSE,"walk","$1,165.00 ","English",41
"587",17919,"16:38:00","4/27/17","16:01",4,128,67,55,61,4,0,7919,"Southampton",TRUE,FALSE,TRUE,"car","$1,176.00 ","English",41
"588",18060,"16:54:00","4/27/17","16:05",4,88,67,55,61,4,0,8060,"Easthampton",FALSE,FALSE,TRUE,"car","$2,834.00 ","English",41
"589",18102,"16:55:00","4/27/17","16:16",1,75.5,67,55,61,4,0,8102,"Northampton",FALSE,FALSE,TRUE,"car","$194.00 ","English",41
"590",18128,"17:20:00","4/27/17","16:39",2,79.5,67,55,61,4,0,8128,"Easthampton",FALSE,FALSE,FALSE,"car","$1,537.00 ","English",41
"591",18232,"18:26:00","4/27/17","17:59",2,88,67,55,61,4,0,8232,"South Hadley",FALSE,TRUE,TRUE,"car","$1,975.00 ","English",41
"592",18961,"18:58:00","4/27/17","18:28",1,42.5,67,55,61,4,0,8961,"Easthampton",FALSE,FALSE,TRUE,"car","$0.00 ","English",41
"593",18980,"17:51:00","4/27/17","17:13",1,27,67,55,61,4,0,8980,"Northampton",FALSE,FALSE,FALSE,"car","$0.00 ","English",41
"594",19176,"18:31:00","4/27/17","18:03",3,122.5,67,55,61,4,0,9176,"South Hadley",FALSE,TRUE,TRUE,"car","$1,561.00 ","English",41
"595",19205,"17:32:00","4/27/17","16:57",1,39,67,55,61,4,0,9205,"Northampton",FALSE,FALSE,TRUE,"car","$1,000.00 ","English",41
"596",19333,"16:42:00","4/27/17","16:13",1,54.5,67,55,61,4,0,9333,"Northampton",FALSE,FALSE,TRUE,"car","$1,031.00 ","English",41
"597",19628,"16:41:00","4/27/17","16:14",1,47.5,67,55,61,4,0,9628,"Northampton",FALSE,FALSE,FALSE,"car","$919.00 ","English",41
"598",19795,"16:57:00","4/27/17","16:23",1,62,67,55,61,4,0,9795,"Easthampton",FALSE,FALSE,FALSE,"car","$1,776.00 ","English",41
"599",19837,"18:57:00","4/27/17","18:12",5,115,67,55,61,4,0,9837,"Northampton",TRUE,FALSE,TRUE,"car","$1,524.00 ","Spanish",41
"600",19883,"17:23:00","4/27/17","16:44",1,54,67,55,61,4,0,9883,"Northampton",FALSE,FALSE,TRUE,"car","$600.00 ","English",41
"601",19902,"19:03:00","4/27/17","18:33",1,21,67,55,61,4,0,9902,"Huntington",FALSE,FALSE,TRUE,"car","$894.00 ","English",41
"603",19912,"17:47:00","4/27/17","17:11",1,34.5,67,55,61,4,0,9912,"Northampton",FALSE,FALSE,TRUE,"car","$749.00 ","English",41
"604",19915,"18:07:00","4/27/17","17:26",1,40.5,67,55,61,4,0,9915,"Northampton",FALSE,FALSE,FALSE,"walk","$910.00 ","English",41
"605",19924,"18:55:00","4/27/17","18:31",1,72,67,55,61,4,0,9924,"Temp",FALSE,FALSE,TRUE,"car","$197.00 ","English",41
"606",19935,"19:40:00","4/27/17","18:55",3,68.5,67,55,61,4,0,9935,"Hadley",FALSE,TRUE,TRUE,"car","$981.00 ","English",41
"607",19940,"17:12:00","4/27/17","16:34",2,73,67,55,61,4,0,9940,"Northampton",FALSE,FALSE,TRUE,"car","$194.00 ","English",41
"608",19942,"17:43:00","4/27/17","17:09",1,36,67,55,61,4,0,9942,"Northampton",FALSE,FALSE,FALSE,"car","$0.00 ","English",41
"609",19943,"18:20:00","4/27/17","17:29",3,53.5,67,55,61,4,0,9943,"Temp",FALSE,FALSE,TRUE,"car","$0.00 ","English",41
"610",19953,"18:25:00","4/27/17","17:44",3,79,67,55,61,4,0,9953,"Temp",TRUE,FALSE,TRUE,"car","$844.00 ","English",41
"611",10077,"12:50:00","4/28/17","12:06",2,76.5,84,58,70,5,0,77,"Westhampton",FALSE,FALSE,TRUE,"car","$2,036.00 ","English",53
"612",10155,"11:36:00","4/28/17","11:11",1,61.5,84,58,70,5,0,155,"Northampton",FALSE,FALSE,TRUE,"car","$1,020.00 ","English",53
"613",10818,"13:42:00","4/28/17","12:56",4,135.5,84,58,70,5,0,818,"Hadley",FALSE,FALSE,TRUE,"car","$1,140.00 ","English",53
"614",10907,"15:00:00","4/28/17","14:17",1,21.5,84,58,70,5,0,907,"Northampton",FALSE,FALSE,FALSE,"bike","$617.00 ","English",53
"615",10982,"14:18:00","4/28/17","13:41",5,144.5,84,58,70,5,0,982,"Easthampton",FALSE,TRUE,TRUE,"car","$3,872.00 ","English",53
"616",11154,"12:02:00","4/28/17","11:31",1,43,84,58,70,5,0,1154,"Northampton",FALSE,FALSE,TRUE,"car","$964.00 ","English",53
"617",11213,"13:17:00","4/28/17","12:39",1,39.5,84,58,70,5,0,1213,"Northampton",FALSE,FALSE,TRUE,"walk","$0.00 ","English",53
"618",11349,"12:17:00","4/28/17","11:39",2,58,84,58,70,5,0,1349,"Northampton",FALSE,FALSE,TRUE,"walk","$900.00 ","English",53
"619",11430,"12:00:00","4/28/17","11:29",1,44.5,84,58,70,5,0,1430,"Northampton",FALSE,FALSE,TRUE,"car","$960.00 ","Spanish",53
"620",11515,"13:06:00","4/28/17","12:16",1,31.5,84,58,70,5,0,1515,"Northampton",FALSE,FALSE,TRUE,"car","$950.00 ","English",53
"621",11520,"11:47:00","4/28/17","11:14",1,52,84,58,70,5,0,1520,"Northampton",FALSE,TRUE,TRUE,"car","$965.00 ","Spanish",53
"622",11582,"11:27:00","4/28/17","11:00",3,97,84,58,70,5,0,1582,"South Hadley",FALSE,FALSE,TRUE,"car","$2,061.00 ","English",53
"623",12055,"12:31:00","4/28/17","11:49",1,22,84,58,70,5,0,2055,"Northampton",FALSE,FALSE,TRUE,"walk","$856.00 ","English",53
"624",12588,"13:37:00","4/28/17","12:59",1,44.5,84,58,70,5,0,2588,"Easthampton",FALSE,TRUE,TRUE,"car","$975.00 ","English",53
"625",12707,"11:35:00","4/28/17","11:04",1,54,84,58,70,5,0,2707,"Easthampton",FALSE,FALSE,FALSE,"car","$1,550.00 ","English",53
"626",13146,"13:22:00","4/28/17","12:49",1,49.5,84,58,70,5,0,3146,"Northampton",FALSE,FALSE,TRUE,"bus","$1,035.00 ","English",53
"627",14368,"12:40:00","4/28/17","11:52",1,61.5,84,58,70,5,0,4368,"Easthampton",FALSE,FALSE,FALSE,"car","$945.00 ","Polish",53
"628",14959,"11:42:00","4/28/17","11:06",3,90.5,84,58,70,5,0,4959,"Northampton",TRUE,TRUE,TRUE,"walk","$1,463.00 ","English",53
"629",15163,"13:33:00","4/28/17","12:58",1,39,84,58,70,5,0,5163,"Easthampton",FALSE,FALSE,TRUE,"car","$989.00 ","English",53
"630",15191,"12:26:00","4/28/17","11:41",2,40,84,58,70,5,0,5191,"Easthampton",TRUE,FALSE,TRUE,"car","$932.00 ","English",53
"631",15550,"13:56:00","4/28/17","13:13",1,38,84,58,70,5,0,5550,"Williamsburg",FALSE,FALSE,FALSE,"bike","$0.00 ","English",53
"632",15849,"11:59:00","4/28/17","11:20",2,67,84,58,70,5,0,5849,"Easthampton",FALSE,FALSE,TRUE,"car","$680.00 ","English",53
"633",16020,"12:30:00","4/28/17","11:45",2,54,84,58,70,5,0,6020,"Easthampton",FALSE,TRUE,TRUE,"car","$1,120.00 ","English",53
"635",16561,"14:56:00","4/28/17","14:14",1,35.5,84,58,70,5,0,6561,"Northampton",FALSE,FALSE,TRUE,"bus","$906.00 ","English",53
"636",17363,"13:57:00","4/28/17","13:31",1,39,84,58,70,5,0,7363,"Northampton",FALSE,FALSE,TRUE,"car","$600.00 ","English",53
"637",17611,"11:40:00","4/28/17","11:13",1,44,84,58,70,5,0,7611,"Northampton",FALSE,FALSE,TRUE,"car","$1,111.00 ","English",53
"638",17819,"11:28:00","4/28/17","11:02",1,31,84,58,70,5,0,7819,"Northampton",FALSE,FALSE,TRUE,"car","$876.00 ","English",53
"639",17901,"14:29:00","4/28/17","13:44",4,275.5,84,58,70,5,0,7901,"Williamsburg",FALSE,TRUE,TRUE,"car","$3,601.00 ","English",53
"640",18176,"14:28:00","4/28/17","13:49",2,37.5,84,58,70,5,0,8176,"Williamsburg",FALSE,FALSE,TRUE,"car","$796.00 ","English",53
"642",18433,"13:45:00","4/28/17","13:04",2,81,84,58,70,5,0,8433,"Cummington",FALSE,FALSE,FALSE,"car","$2,225.00 ","English",53
"643",18443,"12:13:00","4/28/17","11:35",1,49.5,84,58,70,5,0,8443,"Hatfield",FALSE,TRUE,TRUE,"car","$1,143.00 ","English",53
"644",18520,"14:40:00","4/28/17","14:06",1,27,84,58,70,5,0,8520,"Northampton",FALSE,TRUE,TRUE,"car","$975.00 ","English",53
"645",18578,"12:29:00","4/28/17","11:43",4,105,84,58,70,5,0,8578,"Northampton",TRUE,TRUE,TRUE,"car","$1,881.00 ","English",53
"646",18599,"13:18:00","4/28/17","12:43",1,47.5,84,58,70,5,0,8599,"Hatfield",FALSE,TRUE,TRUE,"car","$935.00 ","English",53
"647",19099,"13:51:00","4/28/17","13:08",3,86,84,58,70,5,0,9099,"Easthampton",TRUE,FALSE,TRUE,"car","$1,200.00 ","Arabic",53
"648",19104,"14:41:00","4/28/17","14:12",1,60,84,58,70,5,0,9104,"Temp",FALSE,FALSE,TRUE,"car","$1,226.00 ","English",53
"649",19177,"12:49:00","4/28/17","12:02",1,70.5,84,58,70,5,0,9177,"Northampton",FALSE,FALSE,TRUE,"bike","$494.00 ","English",53
"650",19214,"14:49:00","4/28/17","14:07",1,23.5,84,58,70,5,0,9214,"Northampton",FALSE,TRUE,TRUE,"car","$952.00 ","English",53
"651",19280,"14:07:00","4/28/17","13:36",1,32.5,84,58,70,5,0,9280,"Easthampton",FALSE,TRUE,TRUE,"car","$1,071.00 ","English",53
"652",19563,"14:47:00","4/28/17","14:09",5,48.5,84,58,70,5,0,9563,"South Hadley",TRUE,TRUE,TRUE,"car","$563.00 ","English",53
"653",19564,"13:00:00","4/28/17","12:09",5,129.5,84,58,70,5,0,9564,"Northampton",FALSE,FALSE,TRUE,"car","$1,920.00 ","Spanish",53
"654",19782,"11:50:00","4/28/17","11:17",1,34,84,58,70,5,0,9782,"Easthampton",FALSE,FALSE,TRUE,"car","$194.00 ","English",53
"655",19787,"12:57:00","4/28/17","12:14",1,31,84,58,70,5,0,9787,"Northampton",FALSE,FALSE,FALSE,"car","$1,100.00 ","English",53
"656",19886,"13:07:00","4/28/17","12:18",1,44.5,84,58,70,5,0,9886,"Hadley",FALSE,FALSE,TRUE,"car","$1,300.00 ","English",53
"657",19887,"13:17:00","4/28/17","12:28",1,42,84,58,70,5,0,9887,"Northampton",FALSE,FALSE,FALSE,"car","$1,092.00 ","English",53
"658",19929,"12:08:00","4/28/17","11:33",1,37,84,58,70,5,0,9929,"Northampton",FALSE,FALSE,TRUE,"car","$0.00 ","English",53
